{"data": [{"created_at": "17 February 2022 - 02:18:38", "total": 35, "list": ["nabila.aprilia.92775838 -> nabilasayang123", "ar.ga.7587370 -> nabilasayang123", "ila.gemoy.965 -> nabilasayang123", "rizki.utama.90226 -> nabilasayang123", "nabila.latif.750 -> nabilasayang123", "nabila.anandita.399 -> nabilasayang123", "nhurr.emon -> nabilasayang123", "nabila.ndawa.9 -> nabilasayang123", "nabila.dgsotta.9 -> nabilasayang123", "onewgaming.oneshop.9 -> putrisayang123", "nabila.vadheamaulidika -> nabilasayang123", "nabila.supu.5 -> nabilasayang123", "ada.bakukanal.10 -> nabilasayang123", "nabilla.sabba -> nabilasayang123", "nabila.lasimpala.7 -> nabilasayang123", "bila.alfindo -> nabilasayang123", "nabilla.cans.144 -> nabilasayang123", "nabila.patanda -> nabilasayang123", "kang.copetv -> nabilasayang123", "nabila.putrii.35110 -> nabilasayang123", "ratu.rizkynabila.7 -> ratusayang123", "nabila.sarii.56 -> nabilasayang123", "nabila.abila.3726 -> nabilasayang123", "nabilas.alamri -> nabilasayang123", "nabila.madjaya.5 -> nabilasayang123", "novita.imran.376 -> fansayang123", "nursyifa.nabila.798 -> nasayang123", "nabila.liobi -> nabilasayang123", "alvi.disolder -> sayasayang123", "nabilaa.miba -> nabilaasayang123", "nagita.safirah.1 -> nabilasayang123", "kg.tw.961 -> bilasayang123", "nbila.ptri.359 -> nabilasayang123", "nabila.albahar.50 -> nabilasayang123", "salsabila.nabila.94801 -> glangsayang123"]}, {"created_at": "17 February 2022 - 12:24:46", "total": 1, "list": ["bais.skyz -> gretoddoraemon"]}]}