{"created_at": "17 February 2022 - 02:21:18", "file_name": "friendslist.json", "data": [{"name": "Paldi Thalib", "id": "100077060896143"}, {"name": "Firmansyah", "id": "100017075598828"}, {"name": "Ani Awal", "id": "100051110534265"}, {"name": "Rosita Ocip", "id": "100046579123481"}, {"name": "Chii Ismail", "id": "100028083562797"}, {"name": "Rfly Ahmd", "id": "100066533441937"}, {"name": "Fina", "id": "100062116615890"}, {"name": "Naufal Ramadhan", "id": "100055480975385"}, {"name": "Desi Amalia", "id": "100064406613774"}, {"name": "Hris Umar", "id": "100035348885741"}, {"name": "Jerry Exe Guard", "id": "100059493438292"}, {"name": "Dimzz Keselek Gas", "id": "100041495656343"}, {"name": "Alini Hunowu", "id": "100023959112034"}, {"name": "Keceng Gopo Tato", "id": "100057878366431"}, {"name": "Fauzan", "id": "100028605156768"}, {"name": "\u200e\u0641\u062c\u0631\u064a \u0641\u062c\u0631\u064a\u200e", "id": "100058234890266"}, {"name": "Kelvin Herga Erlangga", "id": "100030114586811"}, {"name": "Azizah Can Tik", "id": "100065896023978"}, {"name": "Igoo", "id": "100065361192685"}, {"name": "Tohirin", "id": "100048719960340"}, {"name": "Dion X ID", "id": "100062767000858"}, {"name": "Branco Ex GoodBoy", "id": "100057253174669"}, {"name": "Toga Chan Menyukai Mu", "id": "100062111612596"}, {"name": "Agung Lasahi", "id": "100033416119426"}, {"name": "Radit Adit", "id": "100041209250617"}, {"name": "Nabila", "id": "100058542578504"}, {"name": "Faiz Flava", "id": "100048923840556"}, {"name": "Arianii Agstnn", "id": "100076575132189"}, {"name": "Imikuu", "id": "100060458926484"}, {"name": "Sity", "id": "100067176155103"}, {"name": "Zhfiraa Fitriani", "id": "100076615830449"}, {"name": "Biw X Gojer", "id": "100062976079600"}, {"name": "Faizul", "id": "100063207333650"}, {"name": "HAM AKATSUKI", "id": "100063618541103"}, {"name": "Lisa L", "id": "100076133664915"}, {"name": "Daeng Rajin GZ", "id": "100057484665789"}, {"name": "Ikhsan X Sans", "id": "100052001897527"}, {"name": "Bang Oji", "id": "100042284000375"}, {"name": "Ar       Gans", "id": "100042016298544"}, {"name": "Muhammad Abdul Aziz", "id": "100038041417238"}, {"name": "Burhan Sulung", "id": "100061958289448"}, {"name": "Dilla Fadilah S", "id": "100024997818169"}, {"name": "Saya Nova", "id": "100061968241488"}, {"name": "Dhesy Lambrunga", "id": "100027159041732"}, {"name": "I M Reyvan", "id": "100061151203033"}, {"name": "Mhmmd Alfaisal", "id": "100060324404964"}, {"name": "Ryann Ezyy", "id": "100063546150085"}, {"name": "Bara Gans", "id": "100037469022029"}, {"name": "XGans NihBoss", "id": "100061162896723"}, {"name": "Didot X Senju", "id": "100026686878461"}, {"name": "Saya Lang", "id": "100061969805521"}, {"name": "Hanz Gamtenk", "id": "100061807875846"}, {"name": "M Iqbal", "id": "100025424270805"}, {"name": "Farrel Nih Genk", "id": "100056263368841"}, {"name": "Hallo Ifha", "id": "100063569508342"}, {"name": "Iman Gnteng", "id": "100048734928254"}, {"name": "Wahyu Pen Cuan", "id": "100034639622190"}, {"name": "Hilman Ganz", "id": "100033455896767"}, {"name": "Deden", "id": "100027703733516"}, {"name": "X Yung Gans", "id": "100062859244277"}, {"name": "Nanaa", "id": "100036731734473"}, {"name": "Muhammad Ridho", "id": "100013773877562"}, {"name": "Keceng", "id": "100025375686835"}, {"name": "Cica Al", "id": "100062403555762"}, {"name": "Hansen X Gans", "id": "100063563322788"}, {"name": "Muhammad Waffa", "id": "100063137898180"}, {"name": "Anjay Kakek", "id": "100062262730840"}, {"name": "Koko Bocell", "id": "100032666646742"}, {"name": "Alpin Febriansyah", "id": "100029591302498"}, {"name": "Indra", "id": "100026512659125"}, {"name": "Zaenab Zaman Zaenab", "id": "100063166546147"}, {"name": "Bagus X Tray", "id": "100060622075324"}, {"name": "Ocang Ngocang Ochi", "id": "100061440236388"}, {"name": "Pak Gaming PG", "id": "100057555274134"}, {"name": "Indah S", "id": "100061021658042"}, {"name": "Dimm'z Exsclv", "id": "100051491881993"}, {"name": "Regaa", "id": "100059010530536"}, {"name": "HaZz X Trup", "id": "100061821700805"}, {"name": "Isal Skyzee", "id": "100063523046317"}, {"name": "Khalifatul Aolia Amri", "id": "100054293330106"}, {"name": "Gua Gamtenkk", "id": "100063163803205"}, {"name": "Zafero", "id": "100047748563113"}, {"name": "Muhammad Siddiq", "id": "100015070710171"}, {"name": "Muhammad Reza", "id": "100013406016322"}, {"name": "Mhmmad Sidik", "id": "100058131980797"}, {"name": "Faisal Malik", "id": "100059095165066"}, {"name": "Rindra M Fajar", "id": "100059749305865"}, {"name": "Cia Fauziah", "id": "100058243965504"}, {"name": "X Rans Ezz", "id": "100059059481530"}, {"name": "TaNveer Asm", "id": "100031354399498"}, {"name": "Mheong Stokkteruss", "id": "100042304298001"}, {"name": "Fahri Gamtenk", "id": "100060621932336"}, {"name": "Zokok ID", "id": "100060651814812"}, {"name": "Yupiter", "id": "100035897767817"}, {"name": "Kangmus YB", "id": "100060209895680"}, {"name": "Hadri Sedang Bisu", "id": "100055403926824"}, {"name": "Rahmawati Ana", "id": "100041482732800"}, {"name": "Sylaa Usman", "id": "100016847972804"}, {"name": "Dimas II", "id": "100063534998798"}, {"name": "Mulyana Ramadhan", "id": "100062532577317"}, {"name": "Ryota", "id": "100061744614064"}, {"name": "Han X Gans", "id": "100061039682858"}, {"name": "MAS DHENISS REALL", "id": "100059539364145"}, {"name": "Valen Tino", "id": "100053057663668"}, {"name": "Deni Putra", "id": "100052888756609"}, {"name": "Fauzan Gz", "id": "100062621223463"}, {"name": "Johan Akbar Fauzi", "id": "100000665115990"}, {"name": "Cheel Kanghost", "id": "100057535843663"}, {"name": "Zaki Waww", "id": "100014631017144"}, {"name": "Ezz Cok Ajg", "id": "100057130538315"}, {"name": "Wasiim Ali", "id": "100052222824135"}, {"name": "Z Rozi", "id": "100026848874323"}, {"name": "Alfin", "id": "100054680270898"}, {"name": "Yani Ali", "id": "100041465264738"}, {"name": "Cahyoo", "id": "100033572672899"}, {"name": "Ega Nih Bott", "id": "100054545682462"}, {"name": "Gal Dan Lexx", "id": "100044239072802"}, {"name": "Nall Ganz", "id": "100059979036406"}, {"name": "Hamm", "id": "100063388515718"}, {"name": "Laang", "id": "100062888086789"}, {"name": "Rudolf Ibrohim", "id": "100024611371804"}, {"name": "Dealova", "id": "100010788374795"}, {"name": "Ariz Rusmen", "id": "100052051593512"}, {"name": "Desta Menantang Mark", "id": "100061014703666"}, {"name": "Imma Bugis", "id": "100063413780145"}, {"name": "Hong Rosee", "id": "100061012434315"}, {"name": "Bunz CHancs", "id": "100053462631854"}, {"name": "Ojik Gans", "id": "100059620683223"}, {"name": "Aan Chan", "id": "100031868782267"}, {"name": "Cinta X Sulung", "id": "100059264312786"}, {"name": "Ipos Katak", "id": "100061619057033"}, {"name": "Dave OppaiErs II", "id": "100060806940371"}, {"name": "Cena", "id": "100051704340329"}, {"name": "Danil Febri", "id": "100028814111750"}, {"name": "Adit Ngentod", "id": "100041000776702"}, {"name": "Mardianto", "id": "100000385748623"}, {"name": "XyzYan", "id": "100060675175139"}, {"name": "Arfan Utama", "id": "100057616728082"}, {"name": "Pesan Grub", "id": "100041406523918"}, {"name": "Padillah Ap", "id": "100051373173070"}, {"name": "Frostz", "id": "100057788864360"}, {"name": "Aditya X Rio", "id": "100035763136781"}, {"name": "Farid Gamtenkk", "id": "100056764240112"}, {"name": "Ky", "id": "100057583627949"}, {"name": "Melvin Goodboy", "id": "100048509203003"}, {"name": "Marc", "id": "100050368343652"}, {"name": "Bang X Def", "id": "100063383131313"}, {"name": "Fajil Ganz", "id": "100062497592240"}, {"name": "Dani Rz", "id": "100013456655958"}, {"name": "Fiss Gutboi Kenang", "id": "100014367404905"}, {"name": "Xeri ID", "id": "100026234660755"}, {"name": "Saya Rzkyy", "id": "100063423435971"}, {"name": "BAGASS", "id": "100059443041587"}, {"name": "Rskyy Goodboy", "id": "100051879380338"}, {"name": "Tombres", "id": "100015393515016"}, {"name": "Reno", "id": "100028504487952"}, {"name": "Ari", "id": "100037362501917"}, {"name": "Sri Devi", "id": "100078283896019"}, {"name": "Ima Kiluma", "id": "100077961960852"}, {"name": "Ti Na", "id": "100077910632785"}, {"name": "Tasya Putri", "id": "100077910631819"}, {"name": "Amel Lia", "id": "100077907664383"}, {"name": "Dellia Cahya", "id": "100077850393879"}, {"name": "Vina Adelia", "id": "100077820245178"}, {"name": "Syya Ic", "id": "100077761863439"}, {"name": "Kartika Dahlia", "id": "100077733348685"}, {"name": "Anisa Marwah", "id": "100077728926291"}, {"name": "Alya Lya", "id": "100077726286932"}, {"name": "Devii Chaster", "id": "100077712395453"}, {"name": "Eva Eva", "id": "100077687592087"}, {"name": "Ainur Pandea", "id": "100077665986683"}, {"name": "Rita", "id": "100077639886255"}, {"name": "Rahma N Siregar", "id": "100077639014298"}, {"name": "Dhila Harp", "id": "100077613063363"}, {"name": "Zya Za", "id": "100077597086758"}, {"name": "Nayra", "id": "100077577254626"}, {"name": "Balbi Yubi", "id": "100077565196114"}, {"name": "Vita Devina", "id": "100077546271177"}, {"name": "Nenk Lume", "id": "100077515717662"}, {"name": "Dicin Mcin", "id": "100077489198048"}, {"name": "Mbak Canss", "id": "100077477213094"}, {"name": "Selvi Jamet", "id": "100077460489094"}, {"name": "Winda In", "id": "100077452674635"}, {"name": "Fi Na", "id": "100077426091238"}, {"name": "Ama", "id": "100077418890784"}, {"name": "Trii", "id": "100077408816489"}, {"name": "Yeni", "id": "100077370630145"}, {"name": "Fikah Ana Sari", "id": "100077366162608"}, {"name": "Putri Cans", "id": "100077364323962"}, {"name": "Nanda", "id": "100077341516416"}, {"name": "Imah Ktili", "id": "100077317130047"}, {"name": "Asri Nur Ashifa", "id": "100077268922567"}, {"name": "Vira Vira", "id": "100077255666106"}, {"name": "Kiki Wrdn", "id": "100077247896958"}, {"name": "Caca Caca", "id": "100077127612915"}, {"name": "Cecan", "id": "100077113693339"}, {"name": "Akhmad Zahir", "id": "100077102944267"}, {"name": "Mbuhh Temen La", "id": "100077098630507"}, {"name": "Riska Ayu", "id": "100077096681754"}, {"name": "Azahra Rara", "id": "100077085923234"}, {"name": "Fitri Slngks", "id": "100077084808096"}, {"name": "Nita Nur", "id": "100077078203502"}, {"name": "Pia Pia", "id": "100077034132330"}, {"name": "Mode Asik", "id": "100077014714766"}, {"name": "Nabila Bila", "id": "100077009117129"}, {"name": "Mirna Lingku", "id": "100076950563246"}, {"name": "Isma", "id": "100076879651720"}, {"name": "I M Fono", "id": "100076857422762"}, {"name": "Itzmee Fani", "id": "100076816433134"}, {"name": "Lisa Maharani", "id": "100076749072519"}, {"name": "Yelsiratnasari", "id": "100076651885909"}, {"name": "Delaa L", "id": "100076545615689"}, {"name": "DeaSndra", "id": "100076479271892"}, {"name": "Wlan", "id": "100076473692104"}, {"name": "Rahel", "id": "100076447128691"}, {"name": "Afel Qef", "id": "100076391329983"}, {"name": "Fadilah", "id": "100076374570343"}, {"name": "Neng Viona", "id": "100076340551183"}, {"name": "Alulatry", "id": "100076314690156"}, {"name": "Syfatimah Alhamid", "id": "100076294396461"}, {"name": "Al Bizar", "id": "100076271526945"}, {"name": "Siti Siti", "id": "100076263274912"}, {"name": "Ayraa", "id": "100076251825153"}, {"name": "Ratri L Lamba Ratri", "id": "100076239122997"}, {"name": "Ida Ida Ida", "id": "100076223391183"}, {"name": "Sari", "id": "100076213819020"}, {"name": "Nilam Lakara", "id": "100076180706378"}, {"name": "Araa Chan", "id": "100076154271937"}, {"name": "Nruul", "id": "100076102010442"}, {"name": "Ulfina Lamadjido", "id": "100076011888009"}, {"name": "Itzme Nell", "id": "100076011320596"}, {"name": "Nadia Yuliana", "id": "100075956643701"}, {"name": "Resty Yd", "id": "100075956232838"}, {"name": "Intan Binangkari", "id": "100075772744003"}, {"name": "Cika", "id": "100075762607784"}, {"name": "Aulia Cgm", "id": "100075716601219"}, {"name": "Fitri", "id": "100075664782784"}, {"name": "Vrah Lacipo", "id": "100075541746370"}, {"name": "Rhma Dani", "id": "100075489045210"}, {"name": "Zahra Ara", "id": "100075464154285"}, {"name": "May Her", "id": "100075456848928"}, {"name": "Dlliana Gstn", "id": "100075374561224"}, {"name": "Ana X Sadgirls", "id": "100075294520301"}, {"name": "Ti", "id": "100075252858710"}, {"name": "Frciellea Fyrra", "id": "100075240845591"}, {"name": "Eva Fa", "id": "100075150170899"}, {"name": "Asti II", "id": "100075146348186"}, {"name": "Fujian Fuji", "id": "100075130437652"}, {"name": "Dnda", "id": "100075121594013"}, {"name": "Ca Ca", "id": "100075118494834"}, {"name": "Ece Ayu ENl Ece", "id": "100074764372618"}, {"name": "\u13aa\u13c3\u13c3\u13aa\u13b7 \u13c6\u13a6 \u13f4\u13bb\u13c6\u13c3\u13ac\u13d2", "id": "100074725151577"}, {"name": "Nifa Syg", "id": "100074563981180"}, {"name": "Yani Laisi", "id": "100074447104745"}, {"name": "Ira Syira", "id": "100074424759615"}, {"name": "Ratmi Binangkari", "id": "100074257090903"}, {"name": "Rahma Dani Sultan", "id": "100074251243467"}, {"name": "Gozo Menolak Epos", "id": "100074219517234"}, {"name": "Meliza II", "id": "100074100831598"}, {"name": "Aca M", "id": "100074057924736"}, {"name": "Ima Muslima", "id": "100074023584065"}, {"name": "Fadlun", "id": "100073771419914"}, {"name": "Elsa Eca", "id": "100073721138446"}, {"name": "Kiaa", "id": "100073702555124"}, {"name": "Pahlevi", "id": "100073667067414"}, {"name": "Putri Handayani", "id": "100073523437425"}, {"name": "Elfi Usman", "id": "100073432737758"}, {"name": "Lian R", "id": "100073396527008"}, {"name": "Fittor Fittor", "id": "100073122854261"}, {"name": "Warman Say", "id": "100073001135983"}, {"name": "Mirandaa", "id": "100072934749101"}, {"name": "Fidya Fidyana", "id": "100072861447810"}, {"name": "Ini Lefite", "id": "100072817347039"}, {"name": "Efril Zha Mell", "id": "100072794805423"}, {"name": "Anisa Putri", "id": "100072790936889"}, {"name": "April Liaputri", "id": "100072656717473"}, {"name": "Nurhana", "id": "100072362598528"}, {"name": "Ditz GodBoy", "id": "100072246332514"}, {"name": "Muhammad Akbar", "id": "100072148878278"}, {"name": "Bada Wi", "id": "100071986842344"}, {"name": "Asyani Yati", "id": "100071730608917"}, {"name": "David X Grentod", "id": "100071578490281"}, {"name": "Any Any", "id": "100071243234581"}, {"name": "Ilham Ex Hosting", "id": "100070879830710"}, {"name": "Rafi X Ganz", "id": "100070804590850"}, {"name": "Kang Gosting", "id": "100070800180559"}, {"name": "Widya Astuty", "id": "100070734769927"}, {"name": "Iyos Saputra", "id": "100070659796402"}, {"name": "Wilda Yanti", "id": "100070572071438"}, {"name": "Fh\u0259\u0146\u00fd", "id": "100070538896583"}, {"name": "Lukzz - Prstyzz", "id": "100070368796317"}, {"name": "Sidik X Gans", "id": "100070364635833"}, {"name": "Fatma Pilomonu", "id": "100070329050869"}, {"name": "Febzz Anugrah", "id": "100070248576963"}, {"name": "Mas Sr II", "id": "100070238400842"}, {"name": "Intan Laodes", "id": "100070227730138"}, {"name": "CandraWinata CandraWinata", "id": "100070133240952"}, {"name": "Inggyl Rachmad Hidayat", "id": "100070040581626"}, {"name": "Ipos Joy Tzy", "id": "100070006261643"}, {"name": "J Jaaen", "id": "100069963722662"}, {"name": "\u30a4\u30b5\u30f3\u30c0\u30de\u30fc\u30eb\u30e9\u30de\u30c0\u30f3", "id": "100069808083549"}, {"name": "Rama Ardiansyah", "id": "100069795937266"}, {"name": "Iyan Tzy", "id": "100069794167863"}, {"name": "Levzz Tytydz", "id": "100069775823961"}, {"name": "Lily", "id": "100069759739547"}, {"name": "Vha Gfar", "id": "100069745911634"}, {"name": "Dikaa", "id": "100069745503919"}, {"name": "Exe Fams", "id": "100069698051546"}, {"name": "Moch Doell", "id": "100069604101810"}, {"name": "Putry Aulia", "id": "100069557853294"}, {"name": "Rizki Zeki", "id": "100069552870172"}, {"name": "Daus Gz", "id": "100069548582537"}, {"name": "Yana Ana", "id": "100069523237920"}, {"name": "Davin Emilio", "id": "100069503587527"}, {"name": "Ramm Cadangan", "id": "100069435176887"}, {"name": "Tidak Aktif", "id": "100069401004898"}, {"name": "ZAIDD ZOLDYCK", "id": "100069381662825"}, {"name": "Fajar Goodboy", "id": "100069317558840"}, {"name": "IMGOOD IAMOK", "id": "100069313759809"}, {"name": "Jiger Volcan", "id": "100069313693961"}, {"name": "Hui Hui", "id": "100069299713245"}, {"name": "\u1019\u1019\u1019\u1019\u1019\u1019\u1019\u1019\u1019\u1019\u1011\u1011\u1011\u1011\u1011\u1011\u1011\u1011 \u1019\u1019\u1019\u1019\u1019\u1019\u1019\u1019\u1019\u1019\u1011\u1011\u1011\u1011\u1011\u1011\u1011\u1011", "id": "100069263684175"}, {"name": "Aldy Dhy", "id": "100069250124513"}, {"name": "Galz X Ganz", "id": "100069246405996"}, {"name": "Zidan Gntng", "id": "100069215202780"}, {"name": "Dion", "id": "100069030612742"}, {"name": "Muhammad Abdu Holil", "id": "100069026454500"}, {"name": "Resti Sauda", "id": "100069022157471"}, {"name": "Revan X Chontole", "id": "100068976246238"}, {"name": "Tiara", "id": "100068971285818"}, {"name": "Pratama II", "id": "100068959101531"}, {"name": "Epic Beban", "id": "100068950585339"}, {"name": "Zein Bhutuh Khasih Shayang", "id": "100068645777209"}, {"name": "Nefa X Sazz", "id": "100068643165190"}, {"name": "Rumi Yanto", "id": "100068614672976"}, {"name": "Saiia Bayu Menolak Emce", "id": "100068606480537"}, {"name": "Prety Balderas", "id": "100068590452238"}, {"name": "Diewpp", "id": "100068470507839"}, {"name": "Ji Non", "id": "100068444327018"}, {"name": "Irmawaty", "id": "100068419901656"}, {"name": "Hasan X Sadboy", "id": "100068381804170"}, {"name": "Selaa", "id": "100068292661384"}, {"name": "Muhammad Fahry", "id": "100068247939786"}, {"name": "Restu Shopp", "id": "100068227881966"}, {"name": "Aldi Atd Ongey", "id": "100068082264455"}, {"name": "Wisnu Kuns", "id": "100067979105294"}, {"name": "Muhammad Dundang", "id": "100067973513262"}, {"name": "Dani Somantri", "id": "100067881890083"}, {"name": "Imhacanss", "id": "100067801071525"}, {"name": "Hann Ganzz", "id": "100067600703718"}, {"name": "Ndo Gz", "id": "100067490502957"}, {"name": "Winda Mengkudji", "id": "100067426638449"}, {"name": "Baidah", "id": "100067206964984"}, {"name": "Mifta Ranggoli", "id": "100067179407884"}, {"name": "Wrhyu", "id": "100067177507609"}, {"name": "Dedi Rivandi", "id": "100067147959719"}, {"name": "Renaa", "id": "100067133130830"}, {"name": "Leo", "id": "100067098264409"}, {"name": "Nii Black", "id": "100066961638379"}, {"name": "R Rezaa", "id": "100066808743599"}, {"name": "Mrsycca", "id": "100066768541904"}, {"name": "Hafidz", "id": "100066764392060"}, {"name": "Tiara", "id": "100066639798414"}, {"name": "Enzu", "id": "100066505906128"}, {"name": "Fadila Dila Iya", "id": "100066479236871"}, {"name": "Ananda X Id Pita", "id": "100066477322731"}, {"name": "I M Ivan", "id": "100066476274670"}, {"name": "La Penyya", "id": "100066469518516"}, {"name": "Bayu", "id": "100066469505197"}, {"name": "Aubasjba Ianwkeej", "id": "100066468454172"}, {"name": "Fredy Gz", "id": "100066464627357"}, {"name": "Nur Hikmah", "id": "100066464152351"}, {"name": "Putra Pratama", "id": "100066463805310"}, {"name": "Osakana Chan", "id": "100066463598112"}, {"name": "Zikra", "id": "100066463010399"}, {"name": "Rohman Abdul", "id": "100066455050704"}, {"name": "Ih Wibu", "id": "100066453412431"}, {"name": "Anggita", "id": "100066450940050"}, {"name": "Skyzo", "id": "100066448644867"}, {"name": "Chan Wibu", "id": "100066446321301"}, {"name": "Kapten Oleng", "id": "100066446191625"}, {"name": "Kenzz", "id": "100066440604447"}, {"name": "\u053a\u055e\u0582\u0566 \u0574\u0585\u0574", "id": "100066439642383"}, {"name": "I M Nia", "id": "100066434380468"}, {"name": "Isna", "id": "100066431856319"}, {"name": "Muhammad Koiss Fathurahman", "id": "100066430704737"}, {"name": "Daeng Kesetrum Cinta", "id": "100066430698372"}, {"name": "Rivaldi Canss", "id": "100066429041815"}, {"name": "Evelio Daisuke", "id": "100066425995832"}, {"name": "RYUU", "id": "100066419262283"}, {"name": "Citra Putri", "id": "100066418723824"}, {"name": "Karma Akabane", "id": "100066418120052"}, {"name": "Min Tzuyi", "id": "100066417950154"}, {"name": "Widia", "id": "100066417705718"}, {"name": "Seto Mul Pripayer", "id": "100066416594375"}, {"name": "Muhammad Rifal Lesmana ID", "id": "100066415960059"}, {"name": "\u13af\u13d5\u13bb", "id": "100066411922085"}, {"name": "Yuga Aoyoma", "id": "100066405037108"}, {"name": "Mbak Pakgirl", "id": "100066402532838"}, {"name": "Limss Kw", "id": "100066402486219"}, {"name": "Guysgemink", "id": "100066402015959"}, {"name": "\u30e1\ufe3b\u6c15\u8980\u8980\u30c6\u3161\u3161\u3161 RIANA\u30e1", "id": "100066401746975"}, {"name": "Pix Sadboy", "id": "100066401723919"}, {"name": "Indah Wang", "id": "100066401686100"}, {"name": "Satria Storee", "id": "100066399372806"}, {"name": "Zaidan Putra", "id": "100066398745302"}, {"name": "Watashi Dare", "id": "100066393710588"}, {"name": "Rian Chazorla", "id": "100066392926057"}, {"name": "Salim Abdurrohman", "id": "100066392514664"}, {"name": "Ramadhani", "id": "100066391113290"}, {"name": "Rasak Palakana", "id": "100066389169187"}, {"name": "Bbyraa", "id": "100066388187653"}, {"name": "Kuriyama Sama", "id": "100066387677621"}, {"name": "Klstn Klstn", "id": "100066380860061"}, {"name": "Surya Trimarsel", "id": "100066377749533"}, {"name": "Itz Chan", "id": "100066374505307"}, {"name": "Ini Hannz", "id": "100066371265567"}, {"name": "Ganzz X Taki", "id": "100066369493326"}, {"name": "Sasukhe Uciha", "id": "100066363372525"}, {"name": "Ishiki Lay", "id": "100066359678360"}, {"name": "Anwar Suparno", "id": "100066358544594"}, {"name": "Iqbal Kerniawan", "id": "100066357408163"}, {"name": "YUSNI HANNUM NASUTION", "id": "100066357222582"}, {"name": "Ane Dudut", "id": "100066351071706"}, {"name": "Shinyura Aoi", "id": "100066350410966"}, {"name": "Naylaa", "id": "100066345284818"}, {"name": "Safiraa Anandaa", "id": "100066340996342"}, {"name": "Icha Chan", "id": "100066337282333"}, {"name": "Kanaya Jelekzz", "id": "100066333553052"}, {"name": "Rasti Kopler Selalutelergacktelerr Gackkopler", "id": "100066327906730"}, {"name": "Rapli SkAy", "id": "100066327571241"}, {"name": "Bocil Faril", "id": "100066327499224"}, {"name": "Hus Kiw", "id": "100066320089397"}, {"name": "Dian Canss", "id": "100066319796267"}, {"name": "Joel X Gamtenk", "id": "100066318144036"}, {"name": "Patat Mu Mood", "id": "100066317846118"}, {"name": "\u30e2\u30fc\u30e9 \u30d2\u30e5\u30fc\u30ea\u30aa", "id": "100066314809915"}, {"name": "Robyan Apa", "id": "100066313403733"}, {"name": "Saia Arumi", "id": "100066312384918"}, {"name": "Kang Riffer", "id": "100066312077789"}, {"name": "Zerr Cuan", "id": "100066309536626"}, {"name": "\u30c0\u30ca \u30c0\u30ca", "id": "100066300532048"}, {"name": "Fazril Gazz", "id": "100066297888325"}, {"name": "NDy Z", "id": "100066293840140"}, {"name": "Nitaa", "id": "100066286041419"}, {"name": "Dilan Kawe", "id": "100066284955526"}, {"name": "Dicki Afrianda", "id": "100066283253743"}, {"name": "Haryo Mayang", "id": "100066278513981"}, {"name": "Ani Chan", "id": "100066273083991"}, {"name": "Kang Cod", "id": "100066272149529"}, {"name": "Niss Saa", "id": "100066271883118"}, {"name": "Nalia Aulia", "id": "100066269484911"}, {"name": "Salsa Tod", "id": "100066267408120"}, {"name": "Arief", "id": "100066263873542"}, {"name": "Ayaa Chn", "id": "100066247759774"}, {"name": "Saha Sall", "id": "100066218834629"}, {"name": "Maul Utamaa", "id": "100066106594147"}, {"name": "Fira Pila", "id": "100065927551236"}, {"name": "KANG UNCHEK TOVATT", "id": "100065922736031"}, {"name": "Zam KW", "id": "100065827895764"}, {"name": "Dilla Kimochi", "id": "100065783280749"}, {"name": "Wawaa Sadboy", "id": "100065558118712"}, {"name": "Irawan Tidak Ganz", "id": "100065498319733"}, {"name": "Watashi Lili Kawai", "id": "100065487228849"}, {"name": "Jhony", "id": "100065423509769"}, {"name": "Ri   Ef", "id": "100065307289393"}, {"name": "Makhluk Marss", "id": "100065297075958"}, {"name": "Yoga Goodboy", "id": "100065286705691"}, {"name": "Faisal Browstar", "id": "100065269085151"}, {"name": "Zaky R", "id": "100065265930102"}, {"name": "Jhey", "id": "100065200812362"}, {"name": "Hazrah Bobihu", "id": "100065136681309"}, {"name": "M Faruq Pedroza Saputra", "id": "100065136561819"}, {"name": "Aisyah Icha", "id": "100065118644360"}, {"name": "Lisna Tandawaly", "id": "100065108671670"}, {"name": "Saya Ikhyz", "id": "100065108134923"}, {"name": "Ditz Good Rekening", "id": "100064994237796"}, {"name": "Muhammad Akbar", "id": "100064851080309"}, {"name": "Ayub X Utama", "id": "100064830363372"}, {"name": "Iia", "id": "100064798380437"}, {"name": "\u0dbb\u0db0", "id": "100064792580643"}, {"name": "Nugraha ChaxeZone", "id": "100064710695846"}, {"name": "Vank Ganss", "id": "100064615853944"}, {"name": "Abay Keselek Amay", "id": "100064589029979"}, {"name": "Indah Fajri Nanga", "id": "100064565786252"}, {"name": "Faisall Crusty", "id": "100064504818844"}, {"name": "Bembng Cadangan", "id": "100064488240653"}, {"name": "Rangga Lawe", "id": "100064478330196"}, {"name": "Biilz II", "id": "100064472223394"}, {"name": "Xncha", "id": "100064464722487"}, {"name": "Dimz X Cuan", "id": "100064456942612"}, {"name": "Fahri Akbar", "id": "100064368436913"}, {"name": "ZeinKhaira Khaira", "id": "100064349493204"}, {"name": "Dreamzz Shopp", "id": "100064256664135"}, {"name": "Agil Hengker Tizi", "id": "100064251396573"}, {"name": "Cuay Lolot", "id": "100064244511273"}, {"name": "I M X Gretood", "id": "100064234014742"}, {"name": "Sri Rahmayanti Z Abdullah", "id": "100064178235633"}, {"name": "Siska Indriyani", "id": "100064125159942"}, {"name": "Tank Minion", "id": "100064077800504"}, {"name": "Rhmadani", "id": "100064052536311"}, {"name": "Az Amelia", "id": "100064027511930"}, {"name": "Diniwzxy", "id": "100063952098569"}, {"name": "Seller Ngepngep", "id": "100063920571361"}, {"name": "Beni Wahyudi", "id": "100063898545074"}, {"name": "Ikbalpirgiawan", "id": "100063893812096"}, {"name": "Den Storee II", "id": "100063887021068"}, {"name": "Ldya", "id": "100063841486646"}, {"name": "IkaaCntip", "id": "100063732230033"}, {"name": "Ryartz", "id": "100063724761887"}, {"name": "Gyoza Ganzz", "id": "100063700417598"}, {"name": "Minato Tzy", "id": "100063695163620"}, {"name": "Arif Udin", "id": "100063664972663"}, {"name": "Fathan", "id": "100063630309854"}, {"name": "Ur Crush", "id": "100063629923042"}, {"name": "Eizu Gatakut Bisu", "id": "100063627056063"}, {"name": "Niko Jebe", "id": "100063619407084"}, {"name": "Resta", "id": "100063526892423"}, {"name": "Anggi", "id": "100063484280047"}, {"name": "Gin Hayate", "id": "100063467960848"}, {"name": "I M Boot", "id": "100063308781615"}, {"name": "Aisyah Aisyah", "id": "100063147785025"}, {"name": "Rizki Aldi", "id": "100062926474118"}, {"name": "Firda Pampu", "id": "100061983022784"}, {"name": "Narlin Rustam Teo", "id": "100061769314638"}, {"name": "Ban X Ganz", "id": "100061688720139"}, {"name": "Adiit Penjahat Kelamin", "id": "100061643812035"}, {"name": "Jagdeep Singh", "id": "100061517120026"}, {"name": "Dani Rahmadani", "id": "100061454898185"}, {"name": "Zazis Fadilah", "id": "100060990862880"}, {"name": "Apinn Jebe Wangsap", "id": "100060483489764"}, {"name": "Mila ZauziAdha", "id": "100059547581674"}, {"name": "Balmoon Oye", "id": "100059316187303"}, {"name": "Nafsia J Ali", "id": "100059304227970"}, {"name": "Sri Ayu", "id": "100058800960463"}, {"name": "Sinta Majo", "id": "100058573062265"}, {"name": "Sindy Aulia Lacandring", "id": "100058079757316"}, {"name": "Yani", "id": "100057800553234"}, {"name": "Ndut Keselek Gas", "id": "100057799205630"}, {"name": "Nadia Salsabila", "id": "100057796685811"}, {"name": "Riskiy Riskiy Santuy", "id": "100057351461989"}, {"name": "Konyol Lau", "id": "100057238471550"}, {"name": "Kasmad Bagus", "id": "100057196706888"}, {"name": "Dittaa", "id": "100057064081749"}, {"name": "Nursila Sila", "id": "100057057889646"}, {"name": "Rian Mafruf", "id": "100056967677303"}, {"name": "Putra X Tray", "id": "100056849214525"}, {"name": "Safrina Rina", "id": "100056490211808"}, {"name": "Siti Falna", "id": "100056382790798"}, {"name": "Nena", "id": "100056132485135"}, {"name": "Syahh", "id": "100056129288828"}, {"name": "Liant Storee", "id": "100056003953917"}, {"name": "Muhammad Bagil", "id": "100056002606797"}, {"name": "Saya Opik", "id": "100055739407317"}, {"name": "Jusriantika", "id": "100055578483335"}, {"name": "QIAIQO", "id": "100055445964137"}, {"name": "Meks Ganz", "id": "100055432269568"}, {"name": "Wendi X Sulung", "id": "100055181532568"}, {"name": "Amellia Anj", "id": "100055165246170"}, {"name": "Hafidz Yama", "id": "100055078262283"}, {"name": "Dewa X ID", "id": "100055071062562"}, {"name": "Bongky Skedebes", "id": "100054782112906"}, {"name": "Putry Bila", "id": "100054590002681"}, {"name": "Aldi Dessy", "id": "100054514431047"}, {"name": "Nada Kaubulan", "id": "100054218654664"}, {"name": "Mhia Sandi", "id": "100054215107411"}, {"name": "Sa Dan Sca", "id": "100054047042848"}, {"name": "Adit Pratama", "id": "100053713907442"}, {"name": "Adi Iya Iya", "id": "100053677307594"}, {"name": "Zazkia", "id": "100053526470082"}, {"name": "Anjani", "id": "100053306603439"}, {"name": "Nauval", "id": "100053022034972"}, {"name": "Voni Nur Jalia", "id": "100052982504486"}, {"name": "Alhabsyi", "id": "100052844701639"}, {"name": "Salwa Ekaa Putry", "id": "100051514520381"}, {"name": "Bobi", "id": "100050385519838"}, {"name": "Yann Feat Ling", "id": "100050229346976"}, {"name": "MAS IKO", "id": "100050187930151"}, {"name": "Wahyu", "id": "100050175139549"}, {"name": "Styamina", "id": "100050030237289"}, {"name": "Siti Aminah", "id": "100049844013943"}, {"name": "Fikar", "id": "100048880599095"}, {"name": "Syifaa", "id": "100048345600977"}, {"name": "Raju Ardica", "id": "100048236972672"}, {"name": "Benzz Gans", "id": "100047908507031"}, {"name": "Fitria", "id": "100047564144682"}, {"name": "Nabila Yh", "id": "100046776156202"}, {"name": "Fiza", "id": "100045261224101"}, {"name": "Nabila Rahim", "id": "100044802796049"}, {"name": "Rasya Goodboy", "id": "100044216474970"}, {"name": "Jolene Angelica", "id": "100042801981250"}, {"name": "Nurlina Lina", "id": "100041709451912"}, {"name": "Ftri Rmdni", "id": "100040552020802"}, {"name": "Ella Erlina", "id": "100040447637570"}, {"name": "Bongky Kenon", "id": "100038814294159"}, {"name": "Rika Ox's", "id": "100036463359932"}, {"name": "Nabil", "id": "100033930720469"}, {"name": "Warda", "id": "100033546068875"}, {"name": "All Ezzxy", "id": "100032637650345"}, {"name": "Faisal Keselek Gas", "id": "100032396240781"}, {"name": "Dhit P", "id": "100030285174018"}, {"name": "Mhmd Rapli", "id": "100030154132884"}, {"name": "Dandi Kurniawan", "id": "100029814420691"}, {"name": "Irmawati Laperasa", "id": "100029438355352"}, {"name": "Hanz Gantenk", "id": "100028767940162"}, {"name": "Dava", "id": "100027995617313"}, {"name": "Vina Aulia", "id": "100024511730633"}, {"name": "Yunita Halalutu", "id": "100022210783745"}, {"name": "Mudrika", "id": "100021564483357"}, {"name": "Lapastara", "id": "100020194402162"}, {"name": "Yhaa", "id": "100015611791612"}, {"name": "Andre", "id": "100014163962291"}, {"name": "Madinah Sulung", "id": "100010339627939"}, {"name": "Dika", "id": "100010251763481"}, {"name": "", "id": "100000288808056"}, {"name": "Aurel Ariel", "id": "100000003778666"}, {"name": "Mari Nurshoma", "id": "1544666814"}]}