{"created_at": "17 February 2022 - 02:30:18", "file_name": "indahnanga.indahnanga.json", "data": [{"name": "\u200e\u0639\u0628\u062f \u0627\u0644\u0631\u0634\u064a\u062f\u200e", "id": "moh.rasyie"}, {"name": "Israh Butikani", "id": "israh.butikani"}, {"name": "Isranudin Kasuma", "id": "isra.ampana.58"}, {"name": "Rifki Tawendu", "id": "rifki.tawendu.7"}, {"name": "M Fandi", "id": "fandi.cemola.5"}, {"name": "Farhanmointi", "id": "farhanmhointi.farhanmhointi"}, {"name": "Cer Ewet", "id": "cer.ewet.549"}, {"name": "Ali Lento", "id": "haikal.cendol"}, {"name": "Rusdi Yolandy", "id": "rusdy.yolandy"}, {"name": "Dandi Cemolalla", "id": "dandi.cemolalla"}, {"name": "Arman Chapista", "id": "golojobodo"}, {"name": "Rafik Apik", "id": "rafik.apik.129"}, {"name": "Hendy Dahyat", "id": "hendy.dahyat.5"}, {"name": "Bayu Joww", "id": "bayu.joww"}, {"name": "Ari J M", "id": "ari.j.m.100"}, {"name": "Jun Junk", "id": "jun.junk.92"}, {"name": "Rendy Martin", "id": "rendy.martin.10420321"}, {"name": "Gunawan IDay", "id": "gunawan.iday"}, {"name": "Nal GZ", "id": "riski.loru.9"}, {"name": "Aldy X Arola", "id": "aldi.all.3701"}, {"name": "Fardiyanto", "id": "moh.fardiyanto.1"}, {"name": "Fajar Arnanda Putra", "id": "fajar.arnandaputra.73"}, {"name": "Yusran Djanatu", "id": "yusran.djanatu.7"}, {"name": "Riski Mungkar", "id": "riski.mungkar.3"}, {"name": "Itz Rifan Selebrifan", "id": "itzrifan.selebrifan"}, {"name": "Farit Irfan", "id": "farit.irfan.58"}, {"name": "Sahrul Sanulut", "id": "sahrul.sanulut.5"}, {"name": "Sandy Nak Rantau", "id": "san.we.524596"}, {"name": "Arwan Sad", "id": "arwan.sadora.90"}, {"name": "Andhy Mahmud Modjanggo", "id": "andhy.mahmudmojanggo"}, {"name": "Febri T", "id": "febri.t.58173"}, {"name": "Katur Katur", "id": "katur.katur.718"}, {"name": "Wildan Syahidillah Akbar", "id": "wildan.s.akbar.397"}, {"name": "Sapa Spa", "id": "sapa.spa.52"}, {"name": "Riski M Lalu", "id": "riki.ramlan.73"}, {"name": "Mhmmd Iriyasu", "id": "mhmmd.iriyasu"}, {"name": "Ahmat Farit", "id": "ahmat.farit.372"}, {"name": "Abdul Fhays", "id": "abdul.fhays"}, {"name": "Heck Ers", "id": "sultan.syahreza.52"}, {"name": "Agung Kan", "id": "agung.kan.779"}, {"name": "Kecebong Mini", "id": "sugeng.ndalu.37819959"}, {"name": "Iya", "id": "Dana.Kemp01"}, {"name": "Bucin Berkelas Jr.", "id": "rahmansuper.kbal"}, {"name": "Bang Kimmich", "id": "hasan.dasilva.391"}, {"name": "Maher Za", "id": "maher.za.98"}, {"name": "Iful", "id": "saiful.disel"}, {"name": "Jefrian Leme", "id": "jefrian.leme"}, {"name": "Hyosoka Dunol's", "id": "hyosoka.dunols"}, {"name": "Andre Ar", "id": "andre.ar.549668"}, {"name": "Rikudo Sannin", "id": "kang.muslihat.142240"}, {"name": "Mhmd Fauzi", "id": "mhmd.fauzi.526"}, {"name": "Hendra Parebba", "id": "ahmad.s.risal.10"}, {"name": "Amng Usu Unggah", "id": "amng.usuunggah"}, {"name": "Rian Badullah", "id": "rian.salodik"}, {"name": "Nabil Grempamg", "id": "nabil.grempamg"}, {"name": "Aspin Apin", "id": "aspin.apin.58"}, {"name": "Pian Dia", "id": "pian.dia.50"}, {"name": "Pudin Jagoan Ema", "id": "pudin.jagoanema"}, {"name": "Santriworong Worong", "id": "fika.afifah.94"}, {"name": "Glang Glang", "id": "glang.glang.5661"}, {"name": "Antiono Ono", "id": "antiono.ono"}, {"name": "Doni Kesuma", "id": "doni.kesuma.188"}, {"name": "Putra Nelayan", "id": "sadam.kocies.3"}, {"name": "Anthony Pakou Pakiding", "id": "anthonypakou.pakiding"}, {"name": "Putra Kelana Coo", "id": "linos.ajo"}, {"name": "Kipruks Vlogs", "id": "kipruks.vlogs"}, {"name": "Selingkuhan Pendo", "id": "hamjatifirman.luwahuu"}, {"name": "Ridwan Taslim", "id": "moh.ridwan.taslim"}, {"name": "Danni Alves", "id": "danni.alves.9693"}, {"name": "Ardianto Yanto", "id": "ardianto.zarkos.5264"}, {"name": "Babang Onyo", "id": "Hskaknsjsbajsnkq"}, {"name": "Ar N Joo", "id": "natalia.chan.1272"}, {"name": "M Agil", "id": "mohagil.agil.3956"}, {"name": "M Sukman", "id": "sukman.skmn"}, {"name": "Malha Uciha", "id": "malha.uciha"}, {"name": "Peibalapliar", "id": "peibalapliar.peibalapliar"}, {"name": "Raditya Pratama", "id": "muhammadasrul.sahrul"}, {"name": "Pdedy Aldo Peratama", "id": "pdedy.aldoperatama"}, {"name": "Dedi Prantigo", "id": "dediprantigo.ded"}, {"name": "Afdan Adan", "id": "afdan.setia.3"}, {"name": "Vikran", "id": "vikran.vikran.184"}, {"name": "Rifaldy", "id": "aldhy.bheleng"}, {"name": "Hajir Sail", "id": "hajir.sail.7"}, {"name": "Whyusaputra", "id": "munawir.modehito"}, {"name": "Moh Rangga", "id": "moh.rangga.790"}, {"name": "Boombastic", "id": "boombastic.boombastic.790"}, {"name": "David Mhmd", "id": "razer.yasha"}, {"name": "M Rizqi", "id": "m.rizqi.3998263"}, {"name": "Rafik Day", "id": "rafiksyg.wini"}, {"name": "Dika WL", "id": "handikaay.wallah"}, {"name": "Moh Ilham Sahempa", "id": "moh.ilhamsahempa.1"}, {"name": "Iky", "id": "rizky.patapu"}, {"name": "Mitsar Labanda", "id": "mitsar.labanda"}, {"name": "Robin Buhely", "id": "robin.buhely"}, {"name": "Ardy Briger", "id": "ardy.briger"}, {"name": "Arif Zakaria", "id": "arif.zakaria.75457"}, {"name": "Arslan Sandhu", "id": "arslan.sandhu.543908"}, {"name": "\u00c2\u0159dh\u00fd\u00f1 \u00c2hm\u00e2d", "id": "ardhyn.ahmad.12"}, {"name": "Rafli Igrisa", "id": "rafli.jo.33"}, {"name": "Saputraa", "id": "wahyu.widi.754918"}, {"name": "Ahmad Maulana", "id": "boaacod.boanar"}, {"name": "Sity Nadra Sity Nadra", "id": "nadra.nada.927"}, {"name": "Arfah Putra Bugis Arfa", "id": "arfahputrabugis.arfa"}, {"name": "Wili Syaputra Santuy", "id": "wilistancil.108"}, {"name": "Adg", "id": "sah.dan.5688"}, {"name": "Fandi Keleng", "id": "fandi.keleng.56"}, {"name": "Ramli Ram", "id": "ramli.rem.142"}, {"name": "Anhar Neles", "id": "Anhar.Neles"}, {"name": "Ningsih Hasan", "id": "ningsih.ahmadhasann.1"}, {"name": "Heko Ran", "id": "heko.ran.3"}, {"name": "Al Jr.", "id": "iribilang.jo.9"}, {"name": "Rusna Nculi", "id": "rusna.nculi.5"}, {"name": "Mardan Jo", "id": "mardan.jo.1"}, {"name": "Muhammad Firman Nor", "id": "Ust.Firman.Nor"}, {"name": "Ahmad Yatno", "id": "ahmad.yatno.39"}, {"name": "IL Jo", "id": "il.jo.526"}, {"name": "Fadlan I L", "id": "alan.ajah.186"}, {"name": "Riko Suku", "id": "amal.ganzz"}, {"name": "Aril Gan", "id": "aril.gan.37"}, {"name": "Moh Fahril", "id": "kapten.berkelas.923724"}, {"name": "Putra Togean", "id": "adaghkgxgj"}, {"name": "Rianto Ri", "id": "rianto.ri.395"}, {"name": "Ter Serah", "id": "ter.serah.5891004"}, {"name": "Santuy Bosq", "id": "santuy.bosq.33865"}, {"name": "Ajii Rmdnu", "id": "ajii.rmdnu"}, {"name": "Idam Musa", "id": "idam.musa.7"}, {"name": "Septian Tian", "id": "septian.sutejo"}, {"name": "Khi", "id": "iki.antu"}, {"name": "Febi Yanto", "id": "febi.yanto.121"}, {"name": "Opaku Kren", "id": "opaku.kren"}, {"name": "Yayang Diko", "id": "yayang.diko.5"}, {"name": "Ayub", "id": "ayub.lawenga"}, {"name": "Farell Kangea", "id": "rasya.warpaak"}, {"name": "Alvian R Asona", "id": "alvian.asona"}, {"name": "Ardhy Muhammad", "id": "ardhy.muhammad.355"}, {"name": "Mulman Sugar", "id": "mulman.mulman.75"}, {"name": "Rafli Jun", "id": "rafli.jun.9"}, {"name": "Fik M", "id": "m.kazio.3"}, {"name": "Fikram M", "id": "bang.fik.319452"}, {"name": "Mumud", "id": "mumud.mumud.1671"}, {"name": "Zull Kifli", "id": "zull.kifli.568089"}, {"name": "Ferdiansyah", "id": "aliandra.primawan"}, {"name": "Mohammad Mat", "id": "mohammad.mat.969"}, {"name": "Fikal Arfa", "id": "fikal.arfa.1"}, {"name": "Fikri Sabubul", "id": "fikri.sabubul"}, {"name": "Arul", "id": "arul.kangonco"}, {"name": "F\u00e3\u0159\u00eal M", "id": "farel.malulua.5"}, {"name": "Maulidin Mudin", "id": "maulidin.mudin.16"}, {"name": "Muhammad Afdil Bayahio", "id": "muhammadafdil.bayahio"}, {"name": "Onal", "id": "ainn.usmanhabibu"}, {"name": "Arwan Musa", "id": "arwan.musa.5"}, {"name": "Djannur Wenda", "id": "blangwir.thooth"}, {"name": "Al Faruk", "id": "al.faruk.1420354"}, {"name": "Fajri Aliu", "id": "fajri.aliu"}, {"name": "Febriyanti Fena", "id": "febriyanti.fena"}, {"name": "Caption", "id": "abythereds.sabrythereds"}, {"name": "Asep Chi Bhovenk Nackalteya", "id": "asep.chipokaliscinta"}, {"name": "Akbar Saputra Akbar", "id": "akbarsaputra.akbar.334"}, {"name": "Fajar Makkasau", "id": "fajar.makkasau.7"}, {"name": "Btr Yanto", "id": "almizan.yanto"}, {"name": "Mohammad Afdal", "id": "mohammad.afdal.923"}, {"name": "Au Dondo", "id": "au.dondo.5"}, {"name": "Yoksan Afdiel Ndesa", "id": "yoksan.afdielblack"}, {"name": "Rahmad Lakoro", "id": "rahmad.lakoro.9"}, {"name": "Iksan Gafur Muhamad", "id": "iksan.gafurmuhamad"}, {"name": "Amat Maku", "id": "amat.maku"}, {"name": "\u200e\u0641\u0646\u062f\u0649 \u0627\u0644 \u0641\u0631\u0643\u200e", "id": "muhammad.abi.58173000"}, {"name": "Rahmad ILham", "id": "rahmad.ilham.5661"}, {"name": "Resaldi Aldi", "id": "resaldi.aldi.12"}, {"name": "Sri Labudu", "id": "sri.labudu"}, {"name": "Anjay Iri Bilng Boss", "id": "anjay.iribilngboss"}, {"name": "Gagal Berjuang", "id": "muhammad.akasyah.7370"}, {"name": "Rhmat Djaelani", "id": "rakmat.jaelani"}, {"name": "Riski", "id": "RskyRz"}, {"name": "Rahman Tasrif", "id": "raja.pubg.7524"}, {"name": "Ndi", "id": "mrandi.praditya.5"}, {"name": "Erik", "id": "erikurang.spasi"}, {"name": "Fadli Fallugah", "id": "salwafallugah.salwafallugah"}, {"name": "Rizaldi A'dnan", "id": "rizaldi.di.7334"}, {"name": "Farnando Ibrahim Ibrahim", "id": "kobisitam.itam"}, {"name": "Riskal IKal", "id": "riskal.ikal.942"}, {"name": "Putra Humayang Sulaeman", "id": "putra.humayangsulaeman.5"}, {"name": "Mode Gelap", "id": "rusbik.mei"}, {"name": "Ilyas", "id": "vikal.saputra.716"}, {"name": "Mohammad Akhdin", "id": "mohammad.akhdin"}, {"name": "Ariyanto Saudale", "id": "onal.cungkring"}, {"name": "Geming Iwan", "id": "geming.iwan.7"}, {"name": "Rahim M", "id": "rahim.m.750546"}, {"name": "AL Dregd", "id": "al.dregd.3"}, {"name": "Gafur Retaxs", "id": "gafur.retaxs"}, {"name": "Anzis Nur", "id": "anzis.nur"}, {"name": "Edy Reze'ck", "id": "edy.rezeck.9"}, {"name": "Ahmat Saipul Ipul", "id": "admatsaipul.ipul"}, {"name": "Nta Nta", "id": "irawanapaadanyah.telusijiloro"}, {"name": "Amanda Syg", "id": "yusup.syg.969"}, {"name": "Latif Abd Latif Halik", "id": "latif.abdlatifhalik"}, {"name": "Ariffin Azaa", "id": "ariffin.azaa"}, {"name": "Kopral Jono", "id": "caca.nasir.90"}, {"name": "SahrilRamadan", "id": "sahrilramadan.sahrilramadan.581"}, {"name": "Ajir Saputra", "id": "ajir.saputra.969"}, {"name": "Moh Yusran", "id": "moh.yusran.545"}, {"name": "Serbu Laju", "id": "serbu.laju"}, {"name": "Darah Bugis", "id": "darah.bugis.7370013"}, {"name": "Alan", "id": "alan.preko.05"}, {"name": "Pace Togean", "id": "dai.nicko"}, {"name": "AR", "id": "rafly.ar.5836"}, {"name": "Al Enoel", "id": "al.enoel.372"}, {"name": "Jeri Hermanto", "id": "jeri.hermanto.961"}, {"name": "Enyam Tea", "id": "enyam.tea"}, {"name": "Irwan Iwa", "id": "irwan.iwa.186"}, {"name": "Suratnas Yusuf Anas", "id": "suratnas.anas"}, {"name": "Rdwn Duwan", "id": "pokeles.po"}, {"name": "Ikbal Ibal", "id": "ikbal.ibal.940098"}, {"name": "M Ccp Pahru Mccr", "id": "mccppahru.mccr"}, {"name": "Moh Iman", "id": "mohiman.iman.39"}, {"name": "Ikhlas R Hunta Ilas", "id": "ikhlasrhunta.ilas"}, {"name": "Sapu Lidi Lidi", "id": "jhayy.jhayy.31"}, {"name": "Moh Dia Lah", "id": "dia.lah.9678"}, {"name": "Tlatako Cit I", "id": "tlatako.citi"}, {"name": "Ardin Adjinu Ardin", "id": "ardinadjinu.ardin"}, {"name": "Ahodedy Ahodedy", "id": "ahodedy.ahodedy"}, {"name": "Ari", "id": "ary.fie.7"}, {"name": "Andrimanhasan Andri", "id": "andrimanhasan.andri"}, {"name": "Zulkifli Sahada", "id": "zulkifli.sahada"}, {"name": "Rizal I Rizal I", "id": "rizalmisna.misnarizal"}, {"name": "Kamil Karau", "id": "kamil.karau.9"}, {"name": "Taufik Daniel", "id": "taufik.daniel.731"}, {"name": "Penifran Danto Peni", "id": "penifrandanto.peni"}, {"name": "Sukri T Xc", "id": "sukri.txc"}, {"name": "Riyan Abay", "id": "riyan.abay.56"}, {"name": "Steven Tine", "id": "steven.tine.98"}, {"name": "\u0154\u00e1hm\u00e1\u0144 \u0158", "id": "alif.syg.752"}, {"name": "Abey Chuki Alamsyah", "id": "billy.alamsyah.50"}, {"name": "Kabu Dul", "id": "kabu.dul.1"}, {"name": "Umbing Jumbrin", "id": "umbing.jumbrin"}, {"name": "Fadli Fauzan", "id": "fadli.fauzan.37853"}, {"name": "Muh Alhy Lalu", "id": "muhammad.a.ali.96592"}, {"name": "Saya Sad Poll", "id": "mazt.feri.94"}, {"name": "Aldi Klora", "id": "aldi.klora"}, {"name": "Jaya Chydi", "id": "jaya.chydi"}, {"name": "Arif Rahul", "id": "arif.rahul.777"}, {"name": "Bang Nanz", "id": "bang.nanz.1"}, {"name": "Seh Jordan", "id": "seh.jordan.5"}, {"name": "Hendra Pakaya Hendra", "id": "hendrapakaya.hendra.90"}, {"name": "Zulfikal Adesastra", "id": "zulfikal.doank.5"}, {"name": "Chuex Akbar", "id": "chuex.akbar.1"}, {"name": "Afdil Adel", "id": "afdil.adel.5"}, {"name": "Legends Dery", "id": "legends.dery.5"}, {"name": "Faith Faith", "id": "akira.kira.12914"}, {"name": "Kahar Marquez", "id": "akmal.marquez.7"}, {"name": "Mulia Bara", "id": "mulia.bara.3"}, {"name": "Deni Cupu", "id": "deni.cupu.944"}, {"name": "Zasenay Ehem", "id": "wahid.irfan.161"}, {"name": "Sahel Pasikolah", "id": "sahel.pasikolah"}, {"name": "Rifal Mahmud", "id": "rifal.mahmud.9"}, {"name": "Arfan I Nandu", "id": "arfan.i.nandu"}, {"name": "Irman Erna Lakacong", "id": "irman.pemberontak.9"}, {"name": "Romat Jakira", "id": "romatjakira"}, {"name": "Joil IL", "id": "joil.il"}, {"name": "Leonardo", "id": "fahri.lapay"}, {"name": "Aril Fah", "id": "aril.fah.3"}, {"name": "Vespa Sleng", "id": "zeus.limakosongsatu"}, {"name": "Amal Mal", "id": "amal.mal.75839923"}, {"name": "Wawan Dank", "id": "wawan.dank.90"}, {"name": "Sya Ban", "id": "sya.banal.94"}, {"name": "Bang Gilank", "id": "tapiaro.tapiaro.5"}, {"name": "Rhamadan Ranggoli", "id": "rhamadan.ranggoli"}, {"name": "Sahabuddin Saudang", "id": "sahbudin.id"}, {"name": "Epi Apexi", "id": "epi.apexi"}, {"name": "Zulkifli Kandela", "id": "zultan.lingis"}, {"name": "Andriss Jrr", "id": "anis.nifa.1"}, {"name": "Mudin Andaru", "id": "mudin.andaru"}, {"name": "Rafly Naser", "id": "rafly.naser.5"}, {"name": "Ana Wana Dit", "id": "anawana.dit.3"}, {"name": "Yain Boyah", "id": "yain.boyah"}, {"name": "Fikri Husain", "id": "fikri.husain.752"}, {"name": "Jumadil Kunene", "id": "jumadil.kunene"}, {"name": "Radit Muaz Langguta", "id": "radit.muaz.1"}, {"name": "Rifal R Karim", "id": "rifal.r.karim"}, {"name": "Acek Sius RM RM", "id": "aceksiuskpa.acek"}, {"name": "Ak Santuyy", "id": "ak.santuyy"}, {"name": "Gavin Farzan", "id": "mutiara.dlmdebu"}, {"name": "Abhi Saputra", "id": "apdila.gani"}, {"name": "Adi Uty", "id": "kkasyg.sy"}, {"name": "Taufik Mahibest", "id": "taufik.mahibest"}, {"name": "Ammar", "id": "fotoitok.fotoitok"}, {"name": "Naya Tamanyoe", "id": "naya.tamanyoe"}, {"name": "Amat Olengg", "id": "afal.afal.50746"}, {"name": "Kenmaster", "id": "irsan.sances.7"}, {"name": "Rizki Aditya", "id": "bang.aip.129"}, {"name": "Muhammad Putra Yusuf", "id": "bang.yusup.754703"}, {"name": "Rifhay Rifhay", "id": "mrifay.rifay.33"}, {"name": "Fadilong Adilong", "id": "fadilong.adilong"}, {"name": "Abd Rafik Sinin Gres", "id": "abdrazakjr.razak.5"}, {"name": "Ilham Faizal", "id": "mohdafa.ramadan.9"}, {"name": "M Hardii", "id": "hardi.hafis.3"}, {"name": "Ardiansya Pamulu", "id": "nak.pampanas.3"}, {"name": "Sulkifrus W Rahman", "id": "syajoo.lorong"}, {"name": "Moh Asril Nak Pulo", "id": "mohasril.nakpulo"}, {"name": "Fadlan Pandu Cahalla", "id": "Pallangpandu"}, {"name": "Inha Pole", "id": "feryansya.feryansya.98"}, {"name": "Ramli Sans", "id": "ramli.sans.9"}, {"name": "Arra'uf Arra'uf", "id": "jihan.arrauf.9"}, {"name": "Ergi Ergi", "id": "ergi.fahrezi.522"}, {"name": "Bhwell Ajh", "id": "bhwell.ajh.7"}, {"name": "Rifal Manggarai", "id": "rifal.manggarai.046"}, {"name": "Erik Irawan", "id": "erik.irawan.18294053"}, {"name": "Ca Hyo", "id": "ca.hyo.5095"}, {"name": "Randi Andy", "id": "randi.salfati"}, {"name": "Iyan Hasan", "id": "sikuat.ngambek"}, {"name": "Didit Kepot", "id": "didit.kepot.7"}, {"name": "Fkhaa", "id": "fkhaaa"}, {"name": "Chealsea", "id": "chealsea.chealsea.90038"}, {"name": "Mode Duda", "id": "zahraamelia.zahraamelia.543"}, {"name": "Thia Gemoy", "id": "mutia.jaba"}, {"name": "Rifki Pelu", "id": "xriddick.riddick"}, {"name": "Abd Naim", "id": "abd.naim.3114"}, {"name": "Muhammad Syahban", "id": "muhammad.syahban.35"}, {"name": "Aldhy", "id": "rifaldi.duanimo"}, {"name": "Muh Akbar", "id": "poso.sayo.50"}, {"name": "Sahrul Anraw Pamsay", "id": "agung.porstep"}, {"name": "Rasdi Beleng", "id": "rasdi.beleng"}, {"name": "Ferdiansa Rais Latihu", "id": "ferdiansa.rsl"}, {"name": "Rull", "id": "syahrul.sobirin.754"}, {"name": "Indra Haruna", "id": "indra.andriska"}, {"name": "Limba Kamnyaja", "id": "dilan.sawali"}, {"name": "DkiArydi", "id": "drifaet.trian.7"}, {"name": "Baku Sedu", "id": "rlastelo.rlastelo"}, {"name": "Afiza Ramadani", "id": "afiza.ramadani.3"}, {"name": "Dirli Meli Dirli", "id": "dirlimeli.dirli"}, {"name": "M Ramli", "id": "ramli.panjuru"}, {"name": "M RaFi", "id": "rcm.rafi"}, {"name": "Bregel", "id": "agile.pakadago"}, {"name": "Affan", "id": "affan.at.568"}, {"name": "Riyan Hidayat", "id": "riyan.joo.98"}, {"name": "Firman Inusi", "id": "firman.inusi"}, {"name": "Moh Safrun", "id": "mohsafrun.safrun"}, {"name": "Wahyu Al Ghaza", "id": "wahyu.alghaza"}, {"name": "Adriansyah Rimexer", "id": "rawebeat.rimex"}, {"name": "Kamit Talatako Kamit", "id": "kamittalatako.kamit"}, {"name": "M Davit", "id": "mdavit.mdavit.92"}, {"name": "Anggun Angraeni", "id": "saskia.sifahadju"}, {"name": "Gill", "id": "gill.longg"}, {"name": "Nga Bampuki", "id": "dani.mardiansyah.9638"}, {"name": "Bucin Cin", "id": "bucin.cin.9849"}, {"name": "Alfaruq Zaidan Dzakwan", "id": "AlfaruqZaidanDZakwan"}, {"name": "Arfit Mohi", "id": "arfit.mohi"}, {"name": "Haikal Lawenga", "id": "haikal.lawenga.9"}, {"name": "Wahyu Bayu", "id": "wahyu.bayu.568632"}, {"name": "Susu Lia", "id": "susu.lia.58511"}, {"name": "Sayful S Yusuf", "id": "ifhul.yusuf.9"}, {"name": "M Samsul Samsul", "id": "samsul.ancu.5099"}, {"name": "Jajat Hidayat", "id": "jajat.hidayat.12"}, {"name": "Sarfika Hawani", "id": "hallu.lu.79"}, {"name": "Teing Saha", "id": "reihan.ckp.73"}, {"name": "Lilis", "id": "Lilis.044"}, {"name": "Teu Gaduh Nami", "id": "kang.bucin.984786"}, {"name": "Rendi Samaot", "id": "rendi.samaot.3"}, {"name": "Mhmmd Ally", "id": "mhmmd.h.ally"}, {"name": "Rosma Pakaya", "id": "pujo.pidja"}, {"name": "Putra Uekuli", "id": "putra.yana.10485"}, {"name": "Saputra Apace Saputra", "id": "saputra.apace"}, {"name": "An An", "id": "umar.amitas"}, {"name": "\u00c2rfan", "id": "arffan.arfan.9"}, {"name": "Satri Arrahman", "id": "satri.arrahman.3"}, {"name": "Ross Uss", "id": "ross.uss.1"}, {"name": "M Sandro", "id": "sandro.ibrahim.716"}, {"name": "Aimar Sidilo", "id": "aimar.sidilo"}, {"name": "Al Fitrax", "id": "al.fitrax.3"}, {"name": "Indra Jr.", "id": "indrayr.indrayr.7"}, {"name": "Rahmat Haikal", "id": "rahmat.haikal.9237"}, {"name": "Dhika Lamatandau", "id": "dhika.lamatandau.7"}, {"name": "Rhn'yhann", "id": "wilian.halim"}, {"name": "Pia Sundstr\u00f6m", "id": "pia.sundstrom.942"}, {"name": "Moh Zaky", "id": "madika.suncek"}, {"name": "Arif Remitsa", "id": "arif.remitsa.1"}, {"name": "Rafli", "id": "rafli.bakari.332"}, {"name": "Yusrin Kudali", "id": "yusrin.kudali.1"}, {"name": "Riski Pakmundi Riski", "id": "riskipakmundi.riski"}, {"name": "Rahmat Moji", "id": "rahmat.moji.5"}, {"name": "Fikar Cesper", "id": "fikar.cesper.37"}, {"name": "Pandi Labudu", "id": "pandi.smanets"}, {"name": "\u30e0\u30ec\u0500\u30ce \u5200\u0217\u4e02 \u30ec\u30e0\u30a4\u30ce\u4e43\u30e0", "id": "aldy.latiba"}, {"name": "I Yan", "id": "iyang.pratama.5209"}, {"name": "Study Speech English", "id": "yanchet.ifhan"}, {"name": "Mohamat Aditya Togogaau", "id": "adit.yusrin"}, {"name": "Arwin I Pulingala", "id": "arwin.ipulingala"}, {"name": "Moh Hidayat Kawa", "id": "mohhidayat.kawa"}, {"name": "Abd Sale Kampu", "id": "abd.sale.712"}, {"name": "M Delon", "id": "rahmad.fauzan.35325"}, {"name": "Moh Afrisa", "id": "afrisa.risa.33"}, {"name": "Dol Fol", "id": "dol.fol.754"}, {"name": "Teuing Teyaho", "id": "teuing.teyaho.33"}, {"name": "Fikran Sauda", "id": "fikran.sauda.5"}, {"name": "Fahri Bonvik", "id": "fahri.bonvik.5"}, {"name": "Fahmi Bonrat", "id": "iki.kaptenbucin"}, {"name": "Aril Bangun Beso", "id": "aril.bangunbeso"}, {"name": "Sahrul Pratama", "id": "sahrul.pratama.79274"}, {"name": "Mohamad Aditya", "id": "mohamad.aditya.503"}, {"name": "Muin Lambana", "id": "muin.lambana"}, {"name": "Fadel Tzy", "id": "fadel.panterek.9"}, {"name": "Vatur", "id": "vatur.vatur.1293"}, {"name": "Dayat Sitaba", "id": "santuy.mahbebas.52"}, {"name": "Sukur Asy-syakur", "id": "santri.rmlk"}, {"name": "Sriayudia Saada", "id": "sriayudia.saada"}, {"name": "Reza", "id": "mohamadrezaeca"}, {"name": "Siti Nur Jana", "id": "siti.jana.9619"}, {"name": "LIZA", "id": "icah04"}, {"name": "Ocak T Tolomato", "id": "reza.m.90281943"}, {"name": "M Kiki", "id": "kikhyo.ky"}, {"name": "M Ramli Rusdin", "id": "m.r.rusdin.1"}, {"name": "Ilham Putra Djirman", "id": "id.ilham.58"}, {"name": "Ihwan Kawa", "id": "ihwan.kawa"}, {"name": "Eden Pairunan", "id": "eden.pairunan"}, {"name": "Bunga Agustin", "id": "bunga.agustin.104418"}, {"name": "Bang Faldy", "id": "bang.faldy.71"}, {"name": "Kifli", "id": "kifli.grempang"}, {"name": "Sin Ta", "id": "sinta.madoso"}, {"name": "Nadyaa", "id": "nadyahtesa.windimila"}, {"name": "Sofyan Nanga", "id": "sofyan.nanga"}, {"name": "Putra Buton Binongko", "id": "akmal.disa.1"}, {"name": "Arya Santuy", "id": "arya.santuy.35110"}, {"name": "Rais Bunando", "id": "rais.bunando"}, {"name": "Ezha Lamohamad Eza", "id": "ezhalamohamad.eza"}, {"name": "Mauna Purnama", "id": "mauna.purnama.5"}, {"name": "Moh Roby", "id": "modal.nyali.524"}, {"name": "Didii Riyyadi", "id": "mohdidi.riyadimustafa"}, {"name": "Asyifa Paradila", "id": "asyifa.paradila.9"}, {"name": "Agus Agus", "id": "syafik.namja"}, {"name": "Muh Arfandi", "id": "muh.arfandi.12720"}, {"name": "Mhmmd Alam", "id": "mhmmd.alam.3572"}, {"name": "Jfry", "id": "jufri.grizli.7"}, {"name": "M Anca", "id": "kaka.iki.526"}, {"name": "Muhmmad Safar", "id": "muhmmad.kevin.370"}, {"name": "Redho Masteqang", "id": "esme.bianco.754"}, {"name": "Regi Moli", "id": "regi.moli.1"}, {"name": "Dayat Gaming", "id": "dayat.gaming.54379"}, {"name": "Fadly Jhee", "id": "fadly.s.gau"}, {"name": "Kang Santuy", "id": "aliran.wongsantuy.927"}, {"name": "\u0915\u0947\u0930\u0917 \u0915\u0940\u0915", "id": "aril.dasman"}, {"name": "Beddu Barkka", "id": "beddu.wakai"}, {"name": "M Akmal", "id": "akmal.toreto.3"}, {"name": "Handika Willah", "id": "handika.willah.9"}, {"name": "Aprianto Kunene", "id": "aprianto.kunene"}, {"name": "Miranda Ra'o", "id": "miranda.rao.5"}, {"name": "Kifli Zul", "id": "ahsanul.bande"}, {"name": "Aldo Bocil", "id": "btraldo.kocilik.5"}, {"name": "Farha Ara", "id": "farha.ara.108"}, {"name": "Mhmd Rifki", "id": "mhmd.rifki.33671748"}, {"name": "Rahmat Hidayat", "id": "mas.hi.18062533"}, {"name": "Darwis Awy", "id": "darwis.almahdali.7"}, {"name": "Rafli Pratama", "id": "rafli.bochil.121"}, {"name": "Idrus M", "id": "idrus.mustofa.50"}, {"name": "Afdil", "id": "afdil.afdil.5220"}, {"name": "Mhmd Awal", "id": "mhmd.awal.1610"}, {"name": "Hairul Suluha", "id": "kan.joli.395"}, {"name": "Haikal New", "id": "haikal.new.1213"}, {"name": "Urbanus Opniel", "id": "urbanus.opniel"}, {"name": "Ernywati Aktapai", "id": "erniwatiaktapai"}, {"name": "Safar Gas Pol", "id": "uppii.uppii.161"}, {"name": "Li", "id": "ulhy.obeht"}, {"name": "Rianti Anth", "id": "rianti.anth.777"}, {"name": "Ruary S", "id": "bang.rafsal.9"}, {"name": "Ramli Braksi", "id": "ramli.braksi"}, {"name": "Andre Ces", "id": "septian.setejo"}, {"name": "Aan Zha", "id": "aan.zha.7564"}, {"name": "Saflin Saputra", "id": "saflin.saputra"}, {"name": "Rafli Rafli", "id": "rafli.deandraa"}, {"name": "Anjai Alok", "id": "firmansyah.ancausulii"}, {"name": "Moh Rifki", "id": "moh.rifki.127201"}, {"name": "Aldi Feri Feri Aldi", "id": "aldiferi.ferialdi"}, {"name": "Mhmd Abdy", "id": "mhmd.abdy.9"}, {"name": "Rehan Mandala", "id": "Rehan.Mandala.3344"}, {"name": "Misra Putri Bobongko", "id": "misra.putribobongko"}, {"name": "Riski Dregd", "id": "riski.dregd"}, {"name": "Radit Benga", "id": "radit.benga.3"}, {"name": "Andi Yani", "id": "adelia.saputri.1441810"}, {"name": "Abdullah Azis", "id": "abdullah.azis.710"}, {"name": "Zulkifli T Bia", "id": "zulkifli.tbia"}, {"name": "Idh Wandy", "id": "wandi.km.1"}, {"name": "Rahmat Pakaya", "id": "rahmatabosta.rahmat"}, {"name": "Skyco Skyco", "id": "skyco.skyco.96"}, {"name": "Muh Subhan", "id": "mungkin.begitu.16"}, {"name": "Fito Aldito", "id": "fitoaldito.farid.7"}, {"name": "Asep Robott", "id": "asep.robott.169"}, {"name": "Aldi Johan", "id": "aldi.johan.315"}, {"name": "Andi Arkis", "id": "andi.arkis.3"}, {"name": "An", "id": "raidon.knights.9"}, {"name": "Ferdy Bocil", "id": "ferdy.bocil.940"}, {"name": "Abi Sapri", "id": "abi.sapri.39"}, {"name": "Aziz Tiawan", "id": "aziz.tiawan.9"}, {"name": "Ryan Pocaya Tlz", "id": "ryoko.tlz"}, {"name": "Ambruk", "id": "ambruk.ambruk.984"}, {"name": "Cak Sahir Driver Muda", "id": "via.masyita"}, {"name": "Imran Mahmud", "id": "imran.m.7587370"}, {"name": "Bagas", "id": "bagas.alviandanu"}, {"name": "Hasbi Anjay", "id": "hasbi.anjay.90"}, {"name": "Vallen Sph", "id": "vallen.sph.566"}, {"name": "Mohammad \u00c0h\u00fd\u00e2\u0165", "id": "ahyat.ahyat.52831"}, {"name": "Halifa Ramadani", "id": "linda.nesya.1"}, {"name": "Sftry", "id": "sftry.rmdhi"}, {"name": "Nurul Powawe", "id": "nurul.powawe"}, {"name": "Moh Risal", "id": "ridwan.anggilu.1"}, {"name": "Moh Ikhsan", "id": "moh.ikhsan.7315"}, {"name": "Moh Riski Ladjama", "id": "mohriski.ladjama"}, {"name": "Farhat Aat", "id": "farhat.aat.714"}, {"name": "Moh Sukri", "id": "moh.sukri.52056"}, {"name": "Suriadi Latoko", "id": "suriadi.latoko.7"}, {"name": "Rizki Dwi Saputra", "id": "alwi.dwi.50"}, {"name": "Umar Abdul Rahman Nontji", "id": "umar.nontji"}, {"name": "Mohamad Farlan", "id": "mohamad.farlan.733"}, {"name": "Lukman Tahalu", "id": "lukman.fadllun"}, {"name": "Riski Kuroru", "id": "riski.kuroru.5"}, {"name": "Rindu Sama Dia", "id": "agus.aguspangsingung"}, {"name": "Moh Asdar", "id": "atang.tiong"}, {"name": "Nursyah Gaming Kawe", "id": "moh.nursyah.92"}, {"name": "Safira L", "id": "iyan.safira.3"}, {"name": "Sirat Lakoro Sirat Sirat", "id": "siratlakoro.siratsirat"}, {"name": "Saifullah Al Karim", "id": "saifullahal.karim.7"}, {"name": "Mhmmad Reza", "id": "sincann.rip"}, {"name": "Jef", "id": "jufri.kadir.31"}, {"name": "Moh Adiyansya", "id": "muss.bochil"}, {"name": "Firman Lacuke", "id": "firman.lacuke.9"}, {"name": "Bang Rif", "id": "fikri.iki.3154"}, {"name": "Adi Irwansiah", "id": "adi.jeks"}, {"name": "Ls-adi Donggala Ikra", "id": "otak.dol.3"}, {"name": "Arman", "id": "arman.ivhon"}, {"name": "Rehan Mhmmd", "id": "bam.puky.7564"}, {"name": "Dayat Ags", "id": "dayat.ags.3"}, {"name": "Rizal Mess", "id": "rizal.mess.739"}, {"name": "Adam Barubhi", "id": "adam.barubhi"}, {"name": "M Adit", "id": "adit.cebong.7543"}, {"name": "Hadhi", "id": "hadhi.hadhi.716533"}, {"name": "Hairul Tamrin Obitambrin", "id": "obitambrin.obitambrin"}, {"name": "Moh Irwan Moh Irwan", "id": "mohirwan.mohirwan.9"}, {"name": "Faisal Kalas", "id": "faisal.kalas.92"}, {"name": "Budi Ana", "id": "budi.ana.5496"}, {"name": "Moh Fadli Oradadi", "id": "mohfadli.oradadi"}, {"name": "Abi Pratama", "id": "abi.n.bos.7"}, {"name": "Andhika Purnama Bakri", "id": "rifaldi.lasodi"}, {"name": "MuhMarjan", "id": "burik.burik.58760"}, {"name": "Ilham Idrus", "id": "ilham.idrus.7543"}, {"name": "Anci Longk", "id": "anci.salsah.9"}, {"name": "Bang Rendi", "id": "bang.rendi.18007218"}, {"name": "Akbar Marhaba", "id": "akbar.m.akbar.7737"}, {"name": "Alamsyah", "id": "bang.lamm.1"}, {"name": "Fauzan Aditia", "id": "ucan.runturamby"}, {"name": "Daeng Koro", "id": "daeng.koro.1675275"}, {"name": "Dimas Ardi", "id": "dimas.ardi.71216141"}, {"name": "Firman Juliawan", "id": "firman.juliawan.75"}, {"name": "Ter Asoi Syg Kmu", "id": "terasoisyg.kmu"}, {"name": "Saikar Ikar Langkai", "id": "saikar.ikarlangkai"}, {"name": "David Hidayat Nsg", "id": "yayathidayat.obet"}, {"name": "Alan Jo", "id": "alan.jo.73594"}, {"name": "Fandi M Jabir Fandi", "id": "fandimjabir.fandi"}, {"name": "TryeBianthoro", "id": "bian.alphen.3"}, {"name": "Randy Alim", "id": "randy.alim.35"}, {"name": "Sapda Sapda Latif", "id": "SYGK.q"}, {"name": "Muhammad Rafli Ravil", "id": "muhamad.rifli.12"}, {"name": "Suaip Tawendu", "id": "suaip.tawendu"}, {"name": "Ical Sad", "id": "nandit.andit.7"}, {"name": "Rhmat Djlni", "id": "rhmat.djlni"}, {"name": "Moh Jaya Saputra Samudra", "id": "mohjaya.saputra.96"}, {"name": "Mohamad Rifqi", "id": "mohamad.rifqi.10441"}, {"name": "Arif Realitas", "id": "galangcs.galangcs.90"}, {"name": "Samsul Fahmi", "id": "samsul.fahmi.391"}, {"name": "Firnain Nain", "id": "firnain.nain.9"}, {"name": "Rahmad Ramadani", "id": "rahmad.ramadani.7505"}, {"name": "Ady Aldy", "id": "ady.aldy.1675"}, {"name": "Widi Sudarma", "id": "widi.sudarma.9"}, {"name": "Gif Elok Rupwan", "id": "f.rupwan"}, {"name": "Arga Zali", "id": "arga.zali.336"}, {"name": "Viki Saleko", "id": "rahmat.syarifudin.315"}, {"name": "Ardianto Ardi", "id": "ardianto.ardi.52438"}, {"name": "Berlian Kaulangi", "id": "berlian.willah.16"}, {"name": "Fathan Firdaus", "id": "fathan.firdaus.12935"}, {"name": "\u30aa\u30bd\u3089 \u9662\u592e", "id": "abd.samat.5439"}, {"name": "Fadjrin Supriady", "id": "fadjrin.supriady"}, {"name": "M Farel", "id": "farel.cebong.714"}, {"name": "Mustar Ismail", "id": "mustar.vrag.7"}, {"name": "Ita Ipoy", "id": "kitty.kityy.18"}, {"name": "Mass Eko", "id": "iyanping.liang"}, {"name": "Dndikoko", "id": "rivaldi.kuengo"}, {"name": "Rizky", "id": "ward.fp"}, {"name": "Rijal Realitas", "id": "rijal.realitas.7"}, {"name": "Art Jun Jun", "id": "artjun.jun.9"}, {"name": "Randy Jlau", "id": "irha.s.jutek"}, {"name": "Dwiki Maku", "id": "dwiki.maku"}, {"name": "Rahmat Rizky", "id": "rahmat.rizky.33886305"}, {"name": "Aty Sosiang Aty", "id": "atysosiang.aty"}, {"name": "Dirfan Anjai", "id": "dirfan.kepokepo.1"}, {"name": "Farhan Paranjoga", "id": "fahran.paranjoga"}, {"name": "Dewi Hongi", "id": "dewi.hongi.7"}, {"name": "Hendra Endra", "id": "hendra.endra.9822924"}, {"name": "Bismillah", "id": "al.laitaha"}, {"name": "Firgi Sigit", "id": "firgi.sigit.7"}, {"name": "Fandi Al", "id": "fandi.al.3975"}, {"name": "Tri Dila Dila Fadila", "id": "tridiladila.fadila"}, {"name": "Moh Radit", "id": "moh.radit.777158"}, {"name": "Rahman Beleng", "id": "bang.kancil.3994885"}, {"name": "Wahyu Realitas", "id": "wahyu.realitas.5"}, {"name": "Pngeran Hati Dimuslimat", "id": "pngeranhati.dimuslimat"}, {"name": "Santri Keblukk", "id": "santri.keblukk.18"}, {"name": "Mirwanks Rinti", "id": "mirwanks.rinti"}, {"name": "Wardi Maudi", "id": "bang.say.129357"}, {"name": "Ucu Pranata", "id": "ucu.pranata.10"}, {"name": "Kang Gosting", "id": "arvan.diboy"}, {"name": "Apyt Busula", "id": "apyt.dunggo"}, {"name": "Fendik", "id": "irfendik.cimoy"}, {"name": "Abd Agim Agim", "id": "abdagim.agim.7"}, {"name": "Kang Copet", "id": "dhedyy.dy"}, {"name": "Gio J O", "id": "gio.gento.9"}, {"name": "Putra Al", "id": "putra.al.54390876"}, {"name": "Idil Gobel", "id": "idil.gobel.969"}, {"name": "\u200e\u0623\u0631\u062c\u0648\u0646\u0627 \u0648\u064a\u062c\u0627\u064a\u0627\u200e", "id": "kkajuna.syg"}, {"name": "Zainul Lamajido", "id": "zainulpendo.magaya"}, {"name": "Sriwidayanti", "id": "sriwidayanti.sriwidayanti.739"}, {"name": "Andriansyah Tabunako", "id": "andriansyah.tabunako.9"}, {"name": "Kifli M Sanggamu", "id": "kifli.sanggamu"}, {"name": "Andriyansah", "id": "andriyansah.andriyansah.3745496"}, {"name": "Andi Riski Iki", "id": "andiriski.iki.9"}, {"name": "Nejad Smonge", "id": "rezkynejad.s"}, {"name": "Moh Ikram", "id": "mohikram.mono.9"}, {"name": "Iin Madani", "id": "iin.cahyani.906"}, {"name": "Ardiani", "id": "ardiani.ardiani.37819959"}, {"name": "Farel Rel", "id": "frontal.ji.96"}, {"name": "Hairul Ul", "id": "hairul.ul.1000"}, {"name": "As Ad Hamzah", "id": "asad.hamzah.94"}, {"name": "Miftah Hurahman", "id": "miftah.hurahman.16"}, {"name": "Muhammad Faisal Isal", "id": "mhamdfaisal.sal"}, {"name": "Jml Raji", "id": "mall.ulyas"}, {"name": "Handy Candia Katoli", "id": "handy.katoli"}, {"name": "Rifaldi R", "id": "rifaldir.r.54"}, {"name": "Agung Skuerpen", "id": "agung.skuerpen.1"}, {"name": "Aril Jr.", "id": "ilham.kiozi"}, {"name": "Abya Tina", "id": "abya.tina.7"}, {"name": "Fadel S Kamaru", "id": "fadel.s.kamaru"}, {"name": "Fana Ladeka", "id": "fanaladeka.fanaladeka"}, {"name": "Sen II", "id": "sen.ii.775"}, {"name": "Naning Kadja", "id": "naningkadja.kadja"}, {"name": "Ikbal Ibong", "id": "ikbal.mohikbal.9"}, {"name": "Deshi Ferdinand Lasempo", "id": "deshi.ferdinand"}, {"name": "Yunita Santuy", "id": "yunita.gantele"}, {"name": "Rifki Dau", "id": "rifki.dau.31"}, {"name": "Muhamad Alfajr", "id": "muhamad.alfajr.39"}, {"name": "Firmansyah", "id": "firmansyah.tanjung.967"}, {"name": "Emhy Poyo", "id": "emhy.poyo"}, {"name": "Ismet Balango", "id": "ismet.balango"}, {"name": "Sadevi Dawe Sadevi", "id": "sadevidawe.sadevi"}, {"name": "Sahril", "id": "remitas.sa.7"}, {"name": "Riski Lamohi", "id": "riski.lamohi"}, {"name": "Alan Gangz", "id": "alan.taganda"}, {"name": "Agung Lestary LV Murni", "id": "agung.setia12388"}, {"name": "Fatrina Lananda", "id": "fatrina.lananda"}, {"name": "M R Farhansyah", "id": "m.r.farhansyah.77"}, {"name": "Indira Indira", "id": "indira.jumrin"}, {"name": "Abd Karim Karim", "id": "abdkarim.karim.5249"}, {"name": "Cantia", "id": "syem.wsy"}, {"name": "Cuan Jr.", "id": "Ayusulastri23"}, {"name": "Bang Punggo", "id": "syarif.lakampu"}, {"name": "Jomlo Ni Bos", "id": "jomlo.nibos.75"}, {"name": "Riski Iki", "id": "skil.olsslow.3"}, {"name": "Iqbar Ar", "id": "iqbar.ar.9"}, {"name": "Dandi Lasempo", "id": "dandimohrenaldi.dandi"}, {"name": "Dzaky Bacod", "id": "dzaky.bacod.5"}, {"name": "Arfan Nala", "id": "arfan.pratama.775823"}, {"name": "Gas Pull Gas Pull", "id": "gaspull.gaspull.180"}, {"name": "Alfan Alfin", "id": "alfan.alfin.906"}, {"name": "Eca", "id": "bangpeker.peker"}, {"name": "Sukardy Kardy", "id": "Sukardy.kardy.946"}, {"name": "Anengpakaya", "id": "Fadelriskiiki.Fadelriskiiki"}, {"name": "Rendy Darmawansah", "id": "rendy.darmawansah"}, {"name": "Mhd Firman", "id": "firman.wdjila"}, {"name": "Moh Farlan", "id": "moh.farlan.31"}, {"name": "Azril Safrudin Ril", "id": "azrilsafrudin.ril"}, {"name": "Amank Tion", "id": "amang.tion"}, {"name": "Rian Adriansyah", "id": "rian.adriansyah.3979"}, {"name": "Nabil Moh Nabil", "id": "nabilmoh.nabil.12"}, {"name": "Setya Pranata Setia", "id": "setya.pranatasetia"}, {"name": "Ardhy Ansyah", "id": "ardhy.putra.581730"}, {"name": "Marifa Ifa", "id": "marifa.ifa.31"}, {"name": "Moh Salim", "id": "moh.salim.7503314"}, {"name": "M Farni", "id": "farnifara.farel"}, {"name": "Annas Djamin", "id": "annas.djamin"}, {"name": "Rasdi Aco", "id": "rasdi.aco.1"}, {"name": "Agus Syg", "id": "agus.syg.3511"}, {"name": "Moh Fahrul Febrianto", "id": "mohfahrul.febrianto"}, {"name": "Rian", "id": "rian.frydi"}, {"name": "Fira Wantogia", "id": "fira.wantogia.391"}, {"name": "Fira", "id": "irna.fira.5"}, {"name": "Sedang Aktif", "id": "najay.squat"}, {"name": "Andi Fikra Firjatullah", "id": "andifikra.firjatullah.1"}, {"name": "Rahmat", "id": "rahmatabdullah.gamsel.94"}, {"name": "Galih Peratama", "id": "blek.kopal.923"}, {"name": "Fajar Sanjaya", "id": "yona.julian.75"}, {"name": "Fatima", "id": "fatima.syg.315"}, {"name": "Muh Yasril", "id": "muh.yasril.9212"}, {"name": "Hendra Hendra Hendra", "id": "hendrahendra.hendra.3367"}, {"name": "Randy Dermawan", "id": "randy.dermawan.75"}, {"name": "Wahyu Enting", "id": "wahyu.enting.7"}, {"name": "Wahyu", "id": "wahyu.jo.5030"}, {"name": "Rizkyandrelia", "id": "rizkyandrelia.rizkyandrelia"}, {"name": "Fahry Aditya", "id": "fahry.aditya.7731"}, {"name": "Raja Tega Jr.", "id": "ahmad.syadzaly.315"}, {"name": "Almosh Ferdiandyah Al Azam", "id": "almosh.ferdiandyahalazam"}, {"name": "FerdiAnsyah Tedi Jomlo", "id": "kalian.marata"}, {"name": "Rossa Galumba", "id": "rossa.galumba.1"}, {"name": "Zaenal Jo", "id": "zaenal.jo.16"}, {"name": "Paman Fadil", "id": "paman.fadil.5"}, {"name": "Kang Gosting", "id": "iyanz.wahk"}, {"name": "Ilham Salili", "id": "ilham.salili.12"}, {"name": "Whyu", "id": "wahyu.pahnter"}, {"name": "Ammar Ma'ruf", "id": "ammar.maruf.9026"}, {"name": "Fajar Jr.", "id": "mohfajar.lasawedi"}, {"name": "Aswar Yusuf", "id": "aswar.yusuf.56"}, {"name": "Muh Luthfi", "id": "muh.luthfi.773"}, {"name": "Warni Arni", "id": "Warniarni09"}, {"name": "Firman Jr", "id": "firman.djl"}, {"name": "Daengg Siamaa", "id": "daengg.siamaa"}, {"name": "Surlin Arsad", "id": "surlin.arsad.5"}, {"name": "Moh Aril", "id": "fahril.aril.73594"}, {"name": "Aini Ain", "id": "aini.ain.777158"}, {"name": "Wahid Sandi Gani", "id": "wahid.sandi.758"}, {"name": "Rifki Burahima", "id": "rifki.burahima.7"}, {"name": "Upan RM", "id": "upang.inilea"}, {"name": "Salcis Id", "id": "salcis.id"}, {"name": "Afdal", "id": "mohafdal.turani.7"}, {"name": "Riski Rifal", "id": "riski.rifal.10"}, {"name": "Mode Syg", "id": "mode.syg.7923030"}, {"name": "Islam Islam Maulana", "id": "islam.islammaulana"}, {"name": "Osin Azzivisasyah", "id": "Comycu"}, {"name": "Mikha Syg", "id": "mikha.F.K"}, {"name": "Cahkono", "id": "cahkono.cahkono.961"}, {"name": "Maher Za Setiawan", "id": "maher.zasetiawan.5"}, {"name": "Rifki Rikk Kanji", "id": "rifkiriki.ahmad"}, {"name": "Saya Karso", "id": "karso.ok.31"}, {"name": "Fatul Lahalik", "id": "fatul.lahalik"}, {"name": "Munir Kusang", "id": "munir.kusang.3"}, {"name": "Dimas Rifiansyah", "id": "dimas.rifiansyah.39"}, {"name": "Amalia Hardi", "id": "amell.hardi.7"}, {"name": "Saril Aditiyazz", "id": "saril.aditiyazz"}, {"name": "Irfan Popo", "id": "irfan.ampana.7"}, {"name": "Awal Sa'ada", "id": "rudiyanto.saada.9"}, {"name": "Gilang Ranya", "id": "aladii.manay"}, {"name": "Yusup Yusuf", "id": "yusup.yusuf.376"}, {"name": "Safira R Ibrahim Fira", "id": "safiraribrahim.fira.5"}, {"name": "Ananda Catur Ramadani", "id": "ananda.c.ramadani"}, {"name": "Adit Adit", "id": "donkarlo.don"}, {"name": "Anggi Vale", "id": "indra.lim.98434"}, {"name": "Fadel Saputra", "id": "fadel.saputra.90410"}, {"name": "Safarudin Judi", "id": "safarudin.judi.9"}, {"name": "Noval M", "id": "novalm.m.71"}, {"name": "Rafly Peyong", "id": "kapten.blengk.5"}, {"name": "SntaxArsyad", "id": "sntaa.cheper"}, {"name": "Af'al", "id": "afal.khamhelo"}, {"name": "Narudin Entertaiment", "id": "narudin.entertaiment"}, {"name": "Fandi Jr.", "id": "ariil.kbk"}, {"name": "ILan DL", "id": "ilan.dl.1"}, {"name": "Noval Cas", "id": "noval.cas.54"}, {"name": "Blg Manzz", "id": "patrick.id.900"}, {"name": "Dimas Prayogo", "id": "dimas.prayogo.10420321"}, {"name": "Fadil Realitas", "id": "siyapa.fadil"}, {"name": "Gunawan Sarul Kocili", "id": "fajri.amanglatif.3"}, {"name": "Beter Rocah", "id": "beter.rocah"}, {"name": "Risky Nagita", "id": "risky.nagita"}, {"name": "Moh Afdal Mahmud Afdal", "id": "mohafdalmahmud.afdal"}, {"name": "Vhya Olivia Viafikaco", "id": "vhyafika.olivia"}, {"name": "Ali Grecek", "id": "ali.grecek"}, {"name": "Sahril Ayi", "id": "sahril.ayi.7"}, {"name": "Saputra", "id": "ny.wisnu.52"}, {"name": "Ay Lea", "id": "ay.lea.925"}, {"name": "Antho Wahid Ibrahim", "id": "antho.wahid.9"}, {"name": "Adam Kadir", "id": "adam.senja.351"}, {"name": "Risman Iman", "id": "risman.iman.961556"}, {"name": "Lasimpala Fairul", "id": "lasimpala.fairul"}, {"name": "Afrianto Grempang", "id": "afrianto.grempang.9"}, {"name": "Fadli", "id": "fadli.dlii.77"}, {"name": "Risaldi Ismail", "id": "risaldi.ismail.71"}, {"name": "Ramadan Mardan Ramadan", "id": "ramadanmardan.ramadan"}, {"name": "aa'Rusman SetiaPadamu", "id": "aaenjank.rusmana.547"}, {"name": "F'tolampe Ami", "id": "fatmi.tolampe"}, {"name": "Cebonk", "id": "kaka.rudyn"}, {"name": "Aswan S Lapo", "id": "Aswan.150491"}, {"name": "Inchyy M Nur", "id": "chiiinchyy"}, {"name": "Aditya Agus Djabarun", "id": "aditya.agusdjabarun"}, {"name": "Atoh M Iminako", "id": "atoh.adj.1"}, {"name": "Farhan Addes", "id": "farhan.addes.7"}, {"name": "Harkules Pikau", "id": "harkules.pikau"}, {"name": "Amang Siraje", "id": "amang.siraje"}, {"name": "Malotong SA", "id": "raja.modar.9"}, {"name": "Febry Badaxx", "id": "febry.badaxx"}, {"name": "Fatriyany Ati", "id": "fatriyany.ati"}, {"name": "Dalam Penyamaran", "id": "ansar.ruru"}, {"name": "Ti Ong", "id": "ti.ong.121"}, {"name": "Jangan Ditanya", "id": "jangan.ditanya.3720"}, {"name": "Dedy Fla Zha", "id": "reyhan.drewpadi"}, {"name": "Ridwan Santuy", "id": "ridwan.santuy.1806"}, {"name": "Hlm Bino", "id": "halim.bino.5"}, {"name": "Abdi Pratama", "id": "abdi.pratama.9235199"}, {"name": "Moh Akfar", "id": "moh.akfar.7"}, {"name": "Lusi Ana Lusi Antan", "id": "lusiana.lusiantan"}, {"name": "Firman Syah", "id": "rendy.arsitek"}, {"name": "Babang Porting", "id": "babang.porting"}, {"name": "Uphin Bomba", "id": "uphinbomba.phoyalisa"}, {"name": "Irzad Calligraphy", "id": "irzad.calligraphy"}, {"name": "Ama Syg", "id": "ama.syg.7334"}, {"name": "Zainudin Tunggala", "id": "zainudin.tunggala"}, {"name": "Faisal", "id": "tercidup.jalen"}, {"name": "Intan Aprilia Intan Aprilia", "id": "intanaprilia.intanaprilia.1"}, {"name": "Chicingo", "id": "syafrilda.tunggala"}, {"name": "Aulia Mawadda", "id": "aulia.mawadda.1"}, {"name": "Rainol Due", "id": "rainoldue.inol"}, {"name": "Rifatreva", "id": "rifatreva.rifatreva"}, {"name": "Sintha Siatu", "id": "sintha.siatu"}, {"name": "Rahama Wati Tangahu", "id": "rahama.tangahu"}, {"name": "Mitsar Jr.", "id": "afri.afrilia.52"}, {"name": "\u200e\u0645\u062d\u0645\u062f \u0631\u0641\u0644\u062f \u0641\u0644\u062f\u200e", "id": "faldiadhi.adhi"}, {"name": "Surtina Asri", "id": "surtina.asri.9"}, {"name": "Ronal Sumarau", "id": "ronal.sumarau.98"}, {"name": "Inrawaty", "id": "inrawaty.musman"}, {"name": "Nawirtarachel", "id": "nawirtarachel.nawirtarachel"}, {"name": "Abng Adam Ini Bos", "id": "mohikbal.adamgiman"}, {"name": "Sahra Sara", "id": "sahra.sara.3382"}, {"name": "Karman Kodex", "id": "karman.kodex"}, {"name": "Awi Fucek", "id": "awi.fucek.5"}, {"name": "Hama Woy Enakle", "id": "hamawoy.enakle"}, {"name": "Andrah Doank", "id": "andrah.chibot"}, {"name": "Mohamad Ichlas", "id": "mohamad.ichlas.12"}, {"name": "M Ican", "id": "ican.cinong"}, {"name": "Muhmmd Alif", "id": "muhmmd.alif.585"}, {"name": "Rahmad J Ambololo", "id": "phutri.gello"}, {"name": "Dandi Syg", "id": "dilham.dilham.7777"}, {"name": "Parno Prasetyo Parno", "id": "parnoprasetyo.parno"}, {"name": "Syahidin Lapangga", "id": "syahidin.iradati"}, {"name": "Gerry Seniawan Ili Danto", "id": "gerryseniawan.ilidanto.1"}, {"name": "Aslam Sad", "id": "aslampasese.aslam"}, {"name": "Fikri Fiki", "id": "fikri.fiki.1804"}, {"name": "Bawang Mera", "id": "awan.to.395"}, {"name": "Akbhar", "id": "akbhar.akbhar.167189"}, {"name": "Hamsa S. Pelu", "id": "hamsamixser.jo"}, {"name": "Wahid Tomel", "id": "wahid.tomel.3"}, {"name": "Erdy Lento", "id": "erdy.lento.94"}, {"name": "Adrian Rahman", "id": "adrian.rahman.503092"}, {"name": "Kandar Iskandar", "id": "kandar.iskandar.98284"}, {"name": "As'ad Malungka", "id": "asad.malungka.1"}, {"name": "Faisal Sanulud", "id": "faisal.sanulud.9"}, {"name": "Anas Gam", "id": "anas.gam.98"}, {"name": "Ipul Putra", "id": "ipul.putra.374"}, {"name": "Hamit Comnityi Hamit Comnityi", "id": "hamitcomnityi.hamitcomnityi"}, {"name": "Randi Raf", "id": "randi.raf.39"}, {"name": "Galib Husin", "id": "galib.nasir.58"}, {"name": "Ars Geming", "id": "ars.geming.98"}, {"name": "Husnul Usman Jauh", "id": "husnul.usmanjauh"}, {"name": "Rhy Po", "id": "rhy.po.98"}, {"name": "Fitri Yanti Harman Laputiri", "id": "fitriyanti.harmanlaputiri"}, {"name": "Sahrul Haryanto", "id": "sahrul.haryanto.12"}, {"name": "Muhammad Rizky", "id": "sana.ejhs"}, {"name": "Rifal Anjai", "id": "rifal.anjai.1"}, {"name": "Mhmmd Raditya", "id": "mhmmd.raditya.399"}, {"name": "Randi", "id": "nan.ct.1800"}, {"name": "Rab'biul Awal", "id": "angki.setya.79"}, {"name": "Ansarr Nsar", "id": "lha.ansar.1"}, {"name": "Malik Anjay", "id": "malik.anjay.9"}, {"name": "Asep Voli Bal", "id": "asep.volibal.90"}, {"name": "R Ilham Tulu", "id": "rahmadilham.putratulu"}, {"name": "Ako Randy", "id": "ako.randy.90"}, {"name": "Alan Ramadhan", "id": "rama.squerpans.1"}, {"name": "Utramen Zeroo", "id": "riska.kasuma.56"}, {"name": "Ferdy Perdy", "id": "ferdiansyah.bukusu.1"}, {"name": "Sahrul Alu", "id": "sahrul.alu.944"}, {"name": "Rendi", "id": "rendy.z.923724"}, {"name": "Capten Elo", "id": "capten.elo"}, {"name": "Dani Lakoro", "id": "dani.lakoro.35"}, {"name": "Salam Dayang", "id": "salam.dayang.75"}, {"name": "Moh Danil", "id": "moh.danil.1426"}, {"name": "Putri Ananda", "id": "andilaressa.foryu"}, {"name": "Sianto Andre", "id": "sianto.andre"}, {"name": "Wahyu Mardan", "id": "wahyu.mardan.98"}, {"name": "Ibnu Juni Medopa", "id": "ibnujuni.medopa"}, {"name": "Tiara Tiara", "id": "tiara.ticer"}, {"name": "Aldo Panterek", "id": "aldo.berkelas.58"}, {"name": "Ismy Aprilya", "id": "ismyaprilya.aminali"}, {"name": "Moh \u00c2f\u010f\u00e3l", "id": "ebit.riski.7"}, {"name": "Stevi Stevi", "id": "stevi.stevi.54738943"}, {"name": "Putrah Smd", "id": "putrah.smd"}, {"name": "Rian Andriana", "id": "rian.andriana.581730"}, {"name": "Malik Popo", "id": "malik.ksan.5"}, {"name": "Kasyira I Rao", "id": "kasyira.irao"}, {"name": "Lela Tais", "id": "lela.tais"}, {"name": "Gean Zandika", "id": "omomok.santuyparlay"}, {"name": "Moh Noval Larasa", "id": "mohnoval.larasa.5"}, {"name": "Memet Yl", "id": "memet.patom"}, {"name": "Santoss", "id": "santoss.santoss.73113"}, {"name": "Irwansya Yansa", "id": "irwansya.yansa"}, {"name": "Atnan Gimpe", "id": "ais.asrin.5"}, {"name": "Idhil Sharil", "id": "idhil.sharil"}, {"name": "Indra Skuad", "id": "indra.skuad.37"}, {"name": "Fathur", "id": "fatur.ankasa.9"}, {"name": "M Avhen Praditya S", "id": "mavhen.wapraditya"}, {"name": "Ridwan Lahay", "id": "bang.rid.5264"}, {"name": "Calon Mantu", "id": "ali.alit.9887117"}, {"name": "Trubus Aditama", "id": "trubus.aditama"}, {"name": "Alil Togean Alil", "id": "aliltogean.alil"}, {"name": "Raflin Raflin", "id": "raflin.raflin.587"}, {"name": "Wahyu Sufaat", "id": "wahyu.sufaat.90"}, {"name": "Riski R Noho", "id": "riski.rnoho"}, {"name": "Qoutes Art", "id": "nurdin.anjay.507"}, {"name": "Putra Perdana Motor", "id": "putrazobek.zobek"}, {"name": "Wendi No", "id": "sabil.binor.1"}, {"name": "Irfan Dalesa", "id": "irfan.sedeng.1232"}, {"name": "Rahmat Putra Bajo", "id": "rahmat.putrabajo.1"}, {"name": "Jumran Bento Gribeck", "id": "jumrannack.pelawa"}, {"name": "Moh Rifal Sapeni", "id": "moh.r.sapeni"}, {"name": "Kasan Kamsar", "id": "kasan.kamsar"}, {"name": "Safri Sabrin", "id": "safri.sabrin"}, {"name": "Bukhari Muslim", "id": "bukhari.muslim.14473"}, {"name": "Berto Dicko", "id": "berto.mio.3"}, {"name": "Dagul Hastuti", "id": "dagul.dagul.94402"}, {"name": "Rifal Pampu", "id": "kutu.aer.503"}, {"name": "Shank Acho", "id": "samchynk.selamanya"}, {"name": "Jongsu Alrio", "id": "jongsu.alrio"}, {"name": "Raa R", "id": "zahra.tanciga"}, {"name": "Imran Ako Boncing", "id": "imran.akoboncing"}, {"name": "Ji'en Silvina Ili", "id": "altian.illy.5"}, {"name": "Perdi", "id": "perdi.bts.96"}, {"name": "Nuyuchynk Iwan", "id": "nuyuchynk.iwan"}, {"name": "Opi Geming", "id": "opi.geming.9"}, {"name": "Surlah Maruha Sulan", "id": "surlahmaruha.sulan"}, {"name": "Katak Bhizer", "id": "aam.muharam.92123"}, {"name": "Abd Rozin", "id": "abd.rozin"}, {"name": "Amzar Sangkota", "id": "amzar.sangkota"}, {"name": "Fandi Saja", "id": "fandi.saja.524"}, {"name": "Hasbi", "id": "wahyu.kochili"}, {"name": "Irwan Iwa", "id": "irwan.iwa.169"}, {"name": "Fardi Fardi", "id": "muh.fardi.359"}, {"name": "Jimy Bulani", "id": "jimy.bulani.5"}, {"name": "Ifah", "id": "musdalifah.binangkari.1"}, {"name": "Seldi Bucin", "id": "seldi.bucin"}, {"name": "Chya Frmdani", "id": "wong.kidul.56211"}, {"name": "Putra Nasiang", "id": "KLR.PUTRA"}, {"name": "Putra Asidi", "id": "sandi.gustiawan.735"}, {"name": "Grempang Jefry", "id": "grempang.jefry"}, {"name": "Sahrul T", "id": "sahrul.t.779"}, {"name": "Jumarlan Marlan", "id": "jumarlan.marlan.1"}, {"name": "Awal Ibrahim", "id": "awal.paredes"}, {"name": "Elva Lasimpala", "id": "elva.salmin.5"}, {"name": "Dandi I Sahiru Dandi", "id": "dandiisahiru.dandi"}, {"name": "Ipal Amohi", "id": "ipal.amohi"}, {"name": "Fikran Aljufri", "id": "fikran.aljufri.311"}, {"name": "Moh Rifaldin Sidiki", "id": "moh.r.sidiki.5"}, {"name": "Aksa Njaya", "id": "aksa.njaya.39566"}, {"name": "M Dicky", "id": "dhiki.firza"}, {"name": "Kevhyng Laethin", "id": "kevhyng.laethin"}, {"name": "Glen Falss", "id": "glen.falss"}, {"name": "Risky R Thalasa", "id": "afwan.topeko"}, {"name": "Irwan Syafrullah", "id": "rifky.alfiansyah.969"}, {"name": "Kyonti Njole", "id": "syahid.mohammed.9"}, {"name": "Riski", "id": "riski.mohriski.3914"}, {"name": "Wardy", "id": "wardy.wardy.3975012"}, {"name": "Sukri", "id": "mohsukri.rasyid"}, {"name": "Alfatih Ramadan", "id": "afdal.penkbenk.5"}, {"name": "Tonyarois Angelica", "id": "Kathrin.Margareta.100921015529"}, {"name": "Ani Sudarni", "id": "any.chu.144"}, {"name": "Wandi L Bero", "id": "wandi.l.bero"}, {"name": "Mofafa", "id": "mofafa.mofafa.5"}, {"name": "Rifsilda Kaunang", "id": "rifsilda.a.kaunang"}, {"name": "Richo Illy", "id": "riskyilly.altian"}, {"name": "Fiki L Iki", "id": "fikril.iki.7"}, {"name": "Moh Indra", "id": "mohindra.indra.3956"}, {"name": "Mhmd Anandar", "id": "ayub.gepenk"}, {"name": "Zainudin Kodex", "id": "zainudin.kodex"}, {"name": "Farel", "id": "farel.alfares.77"}, {"name": "Indra Hulopi", "id": "indra.hulopi.180"}, {"name": "Dhika Chandra Syahputra", "id": "dhika.chandrasyahputra.3"}, {"name": "Faris Judo", "id": "faris.ebi.1"}, {"name": "P\u0171\u0163\u0159\u00e3 Kalia", "id": "haikal.zarcoss"}, {"name": "Fhri", "id": "fahri.sloro"}, {"name": "Mode Data", "id": "ningshishi.saja"}, {"name": "Jnah", "id": "janah.zehn"}, {"name": "Syadam Waskib", "id": "syadam.waskib"}, {"name": "Haris Hepiy", "id": "haris.hepiy"}, {"name": "Moh Risal", "id": "moh.risal.50"}, {"name": "Pak Tahir Alle", "id": "paktahir.alle"}, {"name": "Sumitro Baco", "id": "alanandibaso.alanandibaso"}, {"name": "Adhan Sandean", "id": "adhan.sandean"}, {"name": "Edo Katili", "id": "edo.katili.1"}, {"name": "Gafur Abd Gafur", "id": "gafur.abdgafur.71"}, {"name": "Rahmad M Ismail", "id": "rahmadsamangka.rahmad"}, {"name": "Nain Musa Naind", "id": "nainmusa.naind"}, {"name": "Siti Syalwah", "id": "siti.syalwah.14"}, {"name": "Rizki Kiki Kiki", "id": "rizkikiki.kiki.526"}, {"name": "S\u00e1ng Pelaut", "id": "sang.pelaut.125"}, {"name": "Samsul Bahry Abd Jabar", "id": "samsul.b.jabar.9"}, {"name": "Farel Bomss", "id": "farel.bomss"}, {"name": "Yongki Adias Saputra", "id": "yongki.adiassaputra.9"}, {"name": "Okay", "id": "yudir.yudi.714"}, {"name": "Abd Fahri J Kulolu", "id": "abd.f.kulolu"}, {"name": "Ikbal R Musa", "id": "ikbal.rmusa"}, {"name": "Mangsu Reky", "id": "mangsu.reky.7"}, {"name": "Fikri Kiki", "id": "fikri.kiki.10690203"}, {"name": "Rafli Dibala", "id": "rafli.dibala"}, {"name": "Agil Ragli", "id": "agil.ragli"}, {"name": "Adhi", "id": "aldi.aldri.779"}, {"name": "Amer Hamza Pathan", "id": "amerhamza.khan.18"}, {"name": "Risky J Lau", "id": "risky.j.lau"}, {"name": "Awan L Katili", "id": "aswan.lkatili.1"}, {"name": "Asep Gunawan Kartomi", "id": "nikma.skartomi"}, {"name": "Yanto", "id": "yanto.yantojr.5"}, {"name": "Fangki Komkome", "id": "fangki.komkome.3"}, {"name": "Andi Jijik", "id": "andi.jijik.167"}, {"name": "Libye Libye", "id": "libye.libye.3382"}, {"name": "KiflyMuhammadd", "id": "muhkifli.kifli.1"}, {"name": "Sriyanto Sampek Twek", "id": "sriyanto.sampektwek"}, {"name": "Albi Alfarisqi", "id": "albi.alfarisqi.5"}, {"name": "AlwiTedong", "id": "alwitedong.alwitedong"}, {"name": "Ri Her", "id": "rizcky.her"}, {"name": "Umamdeathmettal", "id": "umamdeathmettal.umamdeathmettal"}, {"name": "Safril Lafuko", "id": "safril.lafuko.3"}, {"name": "Nindo Dari", "id": "nindo.dari.1"}, {"name": "Maheza Gingzul", "id": "maheza.gingzul"}, {"name": "Febri Romadoni", "id": "febri.romadoni.520"}, {"name": "Rian Rahim", "id": "rian.rahim.568"}, {"name": "Fan Dy", "id": "fan.dy.7315720"}, {"name": "Ucan Tjanu", "id": "mfauzan.tjanu.1"}, {"name": "Rk Ahmad Zaelany", "id": "rk.ahmadzaelany"}, {"name": "Breokamir", "id": "breokamir.breokamir"}, {"name": "Mohammad Fhadelon", "id": "mohamad.fhadelon"}, {"name": "Irham Irham", "id": "moh.irham.718"}, {"name": "Afgan Sirut", "id": "afgan.sirut"}, {"name": "Sengklek Ah", "id": "sengklek.ah"}, {"name": "Risiki", "id": "risiki.risiki.372"}, {"name": "M Sandy", "id": "spon.sbek.52"}, {"name": "Faa Fadli Torio", "id": "anjeng.bangot"}, {"name": "Andini Nur Jannah", "id": "miftah.fariz.9404"}, {"name": "Ando Sims", "id": "ando.sims"}, {"name": "M Lutfi Sahido", "id": "mlutfisahido.badar"}, {"name": "Tensai Shitara", "id": "tensai.shitara"}, {"name": "M Lutfi Kahar Sahido", "id": "m.sahido"}, {"name": "Daal Tzy", "id": "mohfadil.kono"}, {"name": "Langgo", "id": "wahit.tomel.1"}, {"name": "Rizky Aditya", "id": "suamix.anisa"}, {"name": "Almuayat", "id": "almuayat.almuayat.1"}, {"name": "Anam Boz", "id": "anam.boz.98"}, {"name": "Aldi Hasibuan", "id": "aldi.hasibuan.58173"}, {"name": "Usman Uye", "id": "usman.uye.372"}, {"name": "Rafli Randhika", "id": "rafli.randhika"}, {"name": "Aris AL", "id": "gede.arjuna.395"}, {"name": "Bang Ahmad", "id": "banh.ahmad.3"}, {"name": "Mansur M Muhamad", "id": "fruskorom.antekorok"}, {"name": "Ndre II", "id": "andre.iii.9803"}, {"name": "Ruslan P Salaka", "id": "ruslanp.salaka"}, {"name": "Randi Toali Randi Toali", "id": "randitoali.randitoali"}, {"name": "Hendrik Kuwice Endy", "id": "hendrik.endy.526"}, {"name": "Subrek Bor", "id": "subrek.bor.5"}, {"name": "Arnol Ambotang", "id": "ferdy.kurniawan.58118774"}, {"name": "Fandy Lahay", "id": "fandy.lahay.9"}, {"name": "Ariel AN", "id": "ariel.an.148"}, {"name": "Rahmad E Lapa Rahmad", "id": "rahmad.e.rahmad.37"}, {"name": "Hairul Daimu", "id": "syalu.chalu"}, {"name": "Aderlin Indar", "id": "aderlin.indar"}, {"name": "Dayat Sitaba Po", "id": "sitaba.jago"}, {"name": "Leon Rus Satya", "id": "leon.r.satya"}, {"name": "Wiranto Bukusu", "id": "wiranto.bukusu"}, {"name": "Seminung Lombk", "id": "seminung.lombk"}, {"name": "Riski Nur Jana", "id": "riski.nurjana.549"}, {"name": "Erhyl", "id": "erhyl.erhyl.35"}, {"name": "Iswat Impu", "id": "iswat.impu"}, {"name": "Aradit Ank Ampana", "id": "aradit.ampana"}, {"name": "Selpi Abdan", "id": "selpi.abdan"}, {"name": "Tobil Idul", "id": "tobil.idul"}, {"name": "Walman Walman", "id": "walman.walman.946954"}, {"name": "Ambyar Baper", "id": "ambyar.baper.1"}, {"name": "Noval Singkuku Noval", "id": "novalsingkuku.noval.9"}, {"name": "Rud Pingerstayl", "id": "rud.cahuyy"}, {"name": "Sultan", "id": "sultan.pasolle.94"}, {"name": "\u3089\u51e0\u30ce\u5c38\u30e2\u5c3a", "id": "taufikhidayat.fik.98"}, {"name": "Rusdi Rusdi", "id": "rusdi.blackdown"}, {"name": "Kaka Anwar Syg", "id": "kaka.anwar.5602"}, {"name": "Ramdan Palilati", "id": "ramdan.palilati.9"}, {"name": "Fernando Sisil", "id": "fernando.sisil.1"}, {"name": "Jall Long", "id": "virza.jall"}, {"name": "Ika", "id": "ningsi.ingsi.5"}, {"name": "Jawe Serang Orange Banten", "id": "jaweserang.orangebanten"}, {"name": "Ardin Fasal", "id": "ardin.fasal"}, {"name": "Anita Zahra", "id": "ade.rama.526438"}, {"name": "Bang Rama", "id": "rama.dadi.315"}, {"name": "Fikram Lawadang", "id": "fikram.lawadang"}, {"name": "Widi Daly", "id": "widi.daly.1"}, {"name": "Agus T", "id": "agus.t.7792052"}, {"name": "Yusak Sauf", "id": "yusak.sauf"}, {"name": "Fadel Halaka", "id": "fadel.halaka.148"}, {"name": "Jefriansyah Djanatu", "id": "jefriansyah.djanatu.7"}, {"name": "Ashar", "id": "asar.saud"}, {"name": "Rifki Al Fahri", "id": "rifki.almaidah"}, {"name": "M Yusuf", "id": "moh.putra.9843499"}, {"name": "Dafid M Maulana", "id": "silfana.fana.1232"}, {"name": "Eghy Alfiansya", "id": "yan.tersakity.3720"}, {"name": "Galib Boyah", "id": "galib.boyah"}, {"name": "Asri Gele", "id": "asri.gele.5"}, {"name": "Mon Dava", "id": "dilha.ila.96"}, {"name": "Ula Kocili", "id": "ula.kocili"}, {"name": "M Afdi Afdi", "id": "mafdi.afdi.10"}, {"name": "Moh Fadil Nanga", "id": "moh.nanga"}, {"name": "Ikbal Primasta Ikbal W", "id": "ikbalprimasta.ikbalw"}, {"name": "Kaka Kaleng-kaleng", "id": "kaka.anwar.549"}, {"name": "Tema Anda", "id": "tema.anda.3"}, {"name": "Ssyad Syad", "id": "ssyad.syad"}, {"name": "Vangky Angky", "id": "vangkykomkome.angky"}, {"name": "Aqidatul Awam", "id": "muhammad.erfan.12139862"}, {"name": "Andri Jka", "id": "andri.jka.75"}, {"name": "Nurdhin Ahay", "id": "nurdhin.ahay"}, {"name": "Aril Isa", "id": "aril.kuka"}, {"name": "Magfira S. Kadja", "id": "magfira.s.kadja"}, {"name": "Intan", "id": "chy.intan.338"}, {"name": "Hendrra", "id": "hendrra.hendrra.5454"}, {"name": "Lacuba Aminali", "id": "lacubaaminali.aminali"}, {"name": "Rajiv Sah", "id": "rajiv.sah.7731247"}, {"name": "Bang Muel Sitampan Maut", "id": "bangmuel.sigantengmaut"}, {"name": "Gilang Booyah", "id": "gilang.booyah.54"}, {"name": "Muhamatmat Mat", "id": "muhamatmat.mat.58"}, {"name": "Arsyila Roomeza", "id": "arsyila.roomeza.7"}, {"name": "Ahmad L Talip Aco", "id": "ahmadltalip.aco"}, {"name": "Nil Meg", "id": "nil.meg.75"}, {"name": "Wilong Haspa", "id": "kelyy.awekening.37"}, {"name": "Haprina Rina", "id": "haprina.rina"}, {"name": "Ramdan I Udin", "id": "ramdan.i.ramdan.5682944"}, {"name": "Rusny Mertosono", "id": "rusny.mertosono"}, {"name": "Ariyan Rj", "id": "ariyan.rj.7982"}, {"name": "Opik Supriatna Opik Opik", "id": "septemberhitam.hitam"}, {"name": "Rabil Opan", "id": "rabil.opan"}, {"name": "Zaky Black", "id": "zaky.black.9212"}, {"name": "Sale Larasati", "id": "sale.larasati.9"}, {"name": "Quang Huy", "id": "van.hang.3110567"}, {"name": "Andika Syahputra", "id": "marselloo.marselloo.9"}, {"name": "Winda Lestari Wanda", "id": "windalestari.wanda"}, {"name": "Karlos Lkp Karlos Lkp", "id": "karloslkp.karloslkp"}, {"name": "Ikbal Raditya", "id": "ikbal.raditya.92"}, {"name": "Stivan Wot", "id": "stivan.wot"}, {"name": "Lalu Yu", "id": "lalu.yu.31"}, {"name": "Cinta Gelisa", "id": "cinta.gelisa"}, {"name": "Marzuk Lahiya", "id": "herman.marzuk.1"}, {"name": "Fhmi", "id": "fhmi.moin"}, {"name": "Sukarmen Lahiya", "id": "sukarmen.lahiya"}, {"name": "Moh Yhusuf Ihran Panglima", "id": "moh.yusuf.71404"}, {"name": "Masnun N Gani", "id": "masnun.ngani.5"}, {"name": "Panglima Crls", "id": "panglima.crls"}, {"name": "GitaZy", "id": "nita.manan.7"}, {"name": "Indri Doank", "id": "indri.doank.18400"}, {"name": "Okansyaputra", "id": "okansyaputra.okansyaputra"}, {"name": "Nadia Nanda", "id": "nadia.nanda.52687506"}, {"name": "Irwan Sau", "id": "irwan.sau.581"}, {"name": "Hendra Ananta", "id": "hendra.ananta.319"}, {"name": "Elly Hulopi", "id": "elly.holupi"}, {"name": "Arifin Adi", "id": "arifin.adi.106"}, {"name": "Cindy Fatikasari", "id": "akbar.boomz"}, {"name": "Ahmad Razak", "id": "ahmad.razak.90260403"}, {"name": "Padlan Kabalutan", "id": "padlan.kabalutan"}, {"name": "Moh Farhan Moh Farhan", "id": "mohfarhan.mohfarhan.549"}, {"name": "Idul Idris", "id": "idul.idris.9"}, {"name": "Firmansya Saputra", "id": "firmansya.saputra.37"}, {"name": "Putri Putri", "id": "masahu.putriput"}, {"name": "Fadila Lun", "id": "fadila.lun.37"}, {"name": "Strio Martasono", "id": "satrio.martosono"}, {"name": "Saleh Sanjaya", "id": "saleh.sanjaya.566"}, {"name": "Helena Ena", "id": "helena.ena.581730"}, {"name": "Silvia Karim", "id": "silvia.karim.758"}, {"name": "Zaenab Enab", "id": "zaenab.enab.5811"}, {"name": "Fitra Lagolo", "id": "fitra.lagolo.731"}, {"name": "Safran Kribo", "id": "safranslavinyoi.safran"}, {"name": "Ale Sanjaya", "id": "saleh.sanjaya.3"}, {"name": "Az-Zahra Taher", "id": "azzahra.taher.5"}, {"name": "Bahir M", "id": "bahir.bahircham"}, {"name": "Reza Eca", "id": "reza.eca.9235"}, {"name": "Halik Tolampe", "id": "halik.talampe"}, {"name": "Ramlla Ramla", "id": "mohamad.kholis.581"}, {"name": "Fitri Said", "id": "fitri.said.1297"}, {"name": "Haipa Hulopi", "id": "haipa.hulopi"}, {"name": "Fitri Djanatu", "id": "fitri.djanatu.3"}, {"name": "Gi Gi", "id": "gilda.alpandan"}, {"name": "Moh Ramdan Andan", "id": "moh.r.andan.1"}, {"name": "Ikal Haikal", "id": "haikal.ica.16"}, {"name": "Nurairin Lamaga", "id": "nurairin.lamaga"}, {"name": "Lisna M", "id": "zona.suci.94"}, {"name": "Kisra Widarti", "id": "kisra.widarti"}, {"name": "Novita Du'e", "id": "novita.due.3"}, {"name": "Yati S", "id": "saleh.cipit"}, {"name": "Ibrahim Saka", "id": "ibrahim.swou"}, {"name": "Iya Torio", "id": "ria.riasafitri.96"}, {"name": "Rugaia Abraham", "id": "rugaia.abraham"}, {"name": "Didi Fajri", "id": "didi.fajri.9"}, {"name": "Amina", "id": "minkoyyy"}, {"name": "Riski Riza", "id": "riski.riza.336"}, {"name": "Zakinah Paresa", "id": "zakinah.paresa"}, {"name": "Azizah Nanga Azizah", "id": "azizahnanga.azizah"}, {"name": "Firman Yaroraja", "id": "firman.yaroraja"}, {"name": "Fikran P Pikan", "id": "fikranp.pikan"}, {"name": "Ca Acaa", "id": "salsah.billa.583"}, {"name": "Syahri Jo Fardi", "id": "fardi.kaladi"}, {"name": "Zefri Judith", "id": "zefri.judith"}, {"name": "Aprillia Yusuf Aprillia Yusuf", "id": "aprilliayusuf.aprilliayusuf"}, {"name": "Mbaa Dila", "id": "nur.marjan.520"}, {"name": "Darwin Temola", "id": "darwin.temola.7"}, {"name": "Chii", "id": "suciramadani.uchi.1"}, {"name": "Hamdan Goga", "id": "hamdan.goga"}, {"name": "Musrifa Silfiana Willah", "id": "musrifa.silfiana"}, {"name": "M Azis", "id": "denn.kancil.545"}, {"name": "Agung Paratama Sumarauw", "id": "agungpratamasumarauw.agung"}, {"name": "Said Hidayat", "id": "said.hidayat.1466"}, {"name": "Sri Ramadani", "id": "sri.ramadani.1800721"}, {"name": "Rahma Aulia Balango", "id": "aulia.cancergalucer"}, {"name": "Rifal Thalib", "id": "rifal.thalib"}, {"name": "Sfianti L", "id": "sfianti.l"}, {"name": "Mirfat Ladeka", "id": "mirfat.ladeka"}, {"name": "Isti Qamah", "id": "isti.qamah.58367"}, {"name": "Sulass", "id": "inaya.nurulfauzia"}, {"name": "Widya Namanya", "id": "widya.namanya.31"}, {"name": "HikmahTunggala", "id": "hikmah.tunggala"}, {"name": "M Boby Amai", "id": "mboby.amai"}, {"name": "Riska Djanatu", "id": "riska.djanatu"}, {"name": "Moh Reza", "id": "moh.reza.10690"}, {"name": "Syg Ada Ka", "id": "syg.adaka.75"}, {"name": "Gita Manan", "id": "githa.gitagotong"}, {"name": "Ade Ovyy", "id": "suvla.sul.5"}, {"name": "Epy Lamaru", "id": "epy.lamaru"}, {"name": "Rahmat Pusungi", "id": "rahmat.pusungi"}, {"name": "Siti Marwa Siti", "id": "sitimarwa.siti.313"}, {"name": "Ancha Canu", "id": "anca.canu"}, {"name": "Asti Emoyn", "id": "asti.emoyn"}, {"name": "Dimass", "id": "dimas.alakasim"}, {"name": "Gilang Rumampuk", "id": "gilang.rumampuk.1"}, {"name": "Nunuk Imran Paramisi", "id": "nunuk.iparamisi"}, {"name": "Apal Safar", "id": "apal.safar"}, {"name": "Riyan Anthye", "id": "riyan.anthye.9"}, {"name": "Aliya Khasanah", "id": "aliya.khasanah.92"}, {"name": "Keysia Afrilya Lestari", "id": "keysia.a.lestari.1"}, {"name": "Listi Aditia", "id": "listi.aditia.3"}, {"name": "Margga Margga", "id": "margga.margga.71"}, {"name": "Yanii Nanga", "id": "yanii.nanga"}, {"name": "Al Dirung", "id": "al.dirung"}, {"name": "NilaAbraham", "id": "nilla.abraham"}, {"name": "Fikran Lawau", "id": "fikran.lawau"}, {"name": "Angga Tibook", "id": "angga.tibook"}, {"name": "Akbar", "id": "nhugyi"}, {"name": "Fitri Mahadi", "id": "fitri.mahadi.37"}, {"name": "Mutmainah Mut", "id": "mutmainah.mut.96155"}, {"name": "Hartati Lananda", "id": "hartati.lananda"}, {"name": "Sumiati", "id": "sumiati.hayahh"}, {"name": "Hamrin", "id": "hamrin.hamrin.524596"}, {"name": "Hairunnisa", "id": "hairun.nisa.9256028"}, {"name": "Ul Husna", "id": "ul.husna.184"}, {"name": "Helena Lawau", "id": "helena.lawau"}, {"name": "Srijanima", "id": "srijanima.srijanima.5"}, {"name": "Amhy Lamohi", "id": "sulasmi.lamohi"}, {"name": "Juan Juan", "id": "riski.arbi.3"}, {"name": "Tii Dla", "id": "dlla.kdllh"}, {"name": "Abd Fajar", "id": "abdfajar.fajar.315"}, {"name": "Aksal Usman Abdullah", "id": "aksalusmana"}, {"name": "Bintang Pratama", "id": "ujii.pratama"}, {"name": "Mutmainah Tanggahu", "id": "mutmainah.tanggahu"}, {"name": "Hendly Cuss Chandra", "id": "hendli.chandra"}, {"name": "Moh Afandi", "id": "moh.afandi.9212"}, {"name": "Masnun Nunung", "id": "masnun.nunung.31"}, {"name": "Naldi", "id": "naldi.naldi.900388"}, {"name": "Ncii Cii", "id": "nangsi.nangsi.3139"}, {"name": "Muhamad R", "id": "muhamadr.r.5076"}, {"name": "Rifky Sazuran", "id": "hendro.sandoy"}, {"name": "Rahmlla Ramlla", "id": "uqhty.dia"}, {"name": "Fadel Muhammad", "id": "fadelm.lapo"}, {"name": "Ericj Irawan Malebu", "id": "erick.irawan.75"}, {"name": "Agustam Au", "id": "agustam.au"}, {"name": "Lala Panyili", "id": "lala.panyili"}, {"name": "Zia Umar Zia", "id": "ziaumar.zia"}, {"name": "Susanto Palily", "id": "susanto.palily.5"}, {"name": "Hairul Irul", "id": "hairul.irul.9022662"}, {"name": "Ameliya Korompot", "id": "ameliya.indaresta"}, {"name": "Ruli Sanu", "id": "ruli.ramang"}, {"name": "Rulan Ulan", "id": "rulan.ulan.79"}, {"name": "Fardi Umar", "id": "fardi.umar.12"}, {"name": "Hendro Endro", "id": "hendro.endro.3152130"}, {"name": "Murty Gonzalez", "id": "murty.gonzalez"}, {"name": "Anii Nanga", "id": "ervhany.nanga.5"}, {"name": "Anarato", "id": "an.ratto"}, {"name": "Asmiranda Saju", "id": "asmiranda.saju"}, {"name": "Sarty Sarty", "id": "sarty.sarty.5245"}, {"name": "Rusli Malureng", "id": "rusli.malureng.1"}, {"name": "Amelia Dahlan Amel", "id": "amelia.d.amel.94"}, {"name": "Dimas", "id": "dimassbalango.dimas.3"}, {"name": "Manan Bomz", "id": "manan.bomz.1"}, {"name": "Ifa Galumba", "id": "marifa.galumba"}, {"name": "Tilka Hamdika Ika", "id": "tilka.h.ika.9"}, {"name": "Gilda Ladeka", "id": "gilda.ladeka"}, {"name": "Moh Safran Safran", "id": "mohsafran.safran"}, {"name": "Ani Darni Dosi", "id": "ani.d.dosi"}, {"name": "Panglima Bcn", "id": "ilyas.ilyassan"}, {"name": "Arsad Aidi", "id": "gafur.umara"}, {"name": "Febi Ibrahim", "id": "febi.ibrahim.75"}, {"name": "Astrit Lestari", "id": "astrit.lestari.754"}, {"name": "Ahmad Fadli Paresa", "id": "ahmad.paresa"}, {"name": "Masra Ile", "id": "masra.ile"}, {"name": "Kalsum Mokodompit", "id": "kalsum.mokodompit.79"}, {"name": "Moh Agung Alaca", "id": "moh.alaca"}, {"name": "Siska Yanti Punggo", "id": "siskayanti.punggo"}, {"name": "Alifran Ganass", "id": "hoakx.hoaks"}, {"name": "Asryky I Sapeny", "id": "asryky.sapeny"}, {"name": "Indra Indra", "id": "indra.las.391"}, {"name": "Moh Roby", "id": "moh.roby.963"}, {"name": "Khoirul Iksan", "id": "khoirul.iksan.7921"}, {"name": "Handri", "id": "handri.syg"}, {"name": "Nur'aziza", "id": "nuraziza.nuraziza.779"}, {"name": "Moh Azril Ladeka", "id": "moh.ladeka"}, {"name": "Alan Taher", "id": "alan.taher.777"}, {"name": "Lia", "id": "fadliah.bemang.9"}, {"name": "Dwiki Rifki Stars", "id": "dwikirifkiardiansyah.kiki"}, {"name": "\u30cf\u30f3\u30b5\u30e0\u306a \u4eba", "id": "RANDAMALADJILII"}, {"name": "Adam Gorta", "id": "adam.gorta"}, {"name": "Azizah Nanga", "id": "azizahnanga.jija"}, {"name": "AlyaBalango", "id": "nuraliya.balango"}, {"name": "Salsa Billa Salsa", "id": "salsabilla.salsa.77128261"}, {"name": "Fauzi Sagena", "id": "kikong.beleng.1"}, {"name": "Ardy J L", "id": "ardilasale.ai.3"}, {"name": "Ervina Tahasa", "id": "ervinatahasa"}, {"name": "Rinaldi Balango", "id": "rinaldi.enal.7"}, {"name": "Aditya Adit", "id": "aditya.adjanong"}, {"name": "Kevin Pundu", "id": "kevinpundu.pundu"}, {"name": "Nhur Maya Nur", "id": "neng.mayha.33"}, {"name": "Aksan Na", "id": "aksan.na.14"}, {"name": "Moh Azril", "id": "mohazril.azril.3"}, {"name": "Halima Syg", "id": "halima.syg.167"}, {"name": "Dika Asma", "id": "dika.asma.1"}, {"name": "Iki L", "id": "ryzky.iki.5"}, {"name": "Halima Kocili", "id": "halima.kocili"}, {"name": "Sri Fitriani", "id": "sri.fitriani.7146"}, {"name": "Lhysta Sumayla", "id": "alista.ahadin"}, {"name": "Ilyas Kai", "id": "ilyas.kai.9"}, {"name": "Sariyaa R", "id": "sariyaa.well"}, {"name": "Hasmin Ndolo", "id": "hasmin.ndolo.7"}, {"name": "Zuel Fikar Ushuluddin", "id": "fikar.ushuluddin"}, {"name": "Firda AL Pampu", "id": "firda.pampu"}, {"name": "Hartanto Antan Due", "id": "putra.tanto.92"}, {"name": "Jihan Iyan", "id": "jihan.bulinja"}, {"name": "Ican Iksan", "id": "ican.iksan.395"}, {"name": "Sandy Popo", "id": "syandi.nice"}, {"name": "Moh Idris Ai", "id": "mohidris.ai.5"}, {"name": "Abd Fatah Lakoro", "id": "abd.f.lakoro"}, {"name": "Abd Gazali", "id": "abdgazali.JL"}, {"name": "Adit", "id": "adit.anjayy.39"}, {"name": "Ozan", "id": "ozan.larandu.1"}, {"name": "Intan Naysilla", "id": "intan.naysilla.7"}, {"name": "Suaib Pandan", "id": "hayyuk.anjirr.1"}, {"name": "Rafid Kyy", "id": "rafid.kyy"}, {"name": "Safril Illy Jo", "id": "safril.i.jo"}, {"name": "Raisa Kadada", "id": "raisa.kadada.5"}, {"name": "Nolva", "id": "nolva.nolva.73"}, {"name": "Zulfa Saputra", "id": "zulfa.saputra.7967"}, {"name": "Perkendes", "id": "daeng.riboko.3"}, {"name": "Isra L Mandailing", "id": "isra.l.mandailing"}, {"name": "Yuli", "id": "nkvchjkbkkvh"}, {"name": "Amat Alfin", "id": "amat.alfin.52"}, {"name": "Saril Ramadhan", "id": "saril.ramadhan.71"}, {"name": "Rezky Karim", "id": "rezky.karim.98"}, {"name": "Nangki Can", "id": "nangki.can.5"}, {"name": "Paman Juna", "id": "arjuna.hafid.1"}, {"name": "Lisa", "id": "lisa.saja.1612"}, {"name": "Nabil Junior", "id": "nabil.junior.946517"}, {"name": "Aditya Baskerwill", "id": "aditya.baskerwill"}, {"name": "Ica Lamaru", "id": "icha.Lamaru"}, {"name": "Rian", "id": "sulis.lalewa.5"}, {"name": "BrigadeHijrah", "id": "brigadehijrah.brigadehijrah"}, {"name": "Eka Nah", "id": "eka.nah.94"}, {"name": "Rozikin New", "id": "rozikin.new.98"}, {"name": "Gilang Tighanamtigha", "id": "gilang.tighanamtigha"}, {"name": "Toni Cros", "id": "toni.cros.10420"}, {"name": "Acil Noise", "id": "acil.noise.790"}, {"name": "Al Alybi Al", "id": "alalybi.al"}, {"name": "Kurnia Cimbrutt", "id": "midut.cimiaska"}, {"name": "Limune", "id": "Anak.haram2021"}, {"name": "Maulana III", "id": "devan.gans.52438"}, {"name": "Erwan Hermawan", "id": "erwan.hermawan.96199"}, {"name": "Farid", "id": "abd.farid.589"}, {"name": "Abng Lubiz", "id": "juniors.juniors.9883"}, {"name": "Kenanglah Jali", "id": "kenanglah.jali"}, {"name": "Kuy Kuy", "id": "rom.pis.37853"}, {"name": "\u5316\u3047\u3093", "id": "yhus2000"}, {"name": "Aldo Vizcarra", "id": "aldo.medang"}, {"name": "Abdullahpomprs", "id": "abdullahpomprs.abdullahpomprs"}, {"name": "Hairul Eni", "id": "hairul.eni"}, {"name": "Sarinah Ayu", "id": "sarinah.ayu.735"}, {"name": "Baung Bagincu", "id": "baung.bagincu.3"}, {"name": "Sekar Kartika", "id": "sekar.kartika.79219"}, {"name": "Aan Auuf", "id": "aan.auuf.5"}, {"name": "Fachrizal  Kaunang", "id": "fachrizal.kaunang.9"}, {"name": "Chelsea Yodjo", "id": "chelsea.yodjo"}, {"name": "Maryana Yana", "id": "maryana.yana.397948"}, {"name": "Rell", "id": "mhmd.farel.35513800"}, {"name": "Kang", "id": "jurik.kobong.94"}, {"name": "Triharyanto Putra", "id": "triharyanto.putra"}, {"name": "Hasbi", "id": "kucup.tanpanz"}, {"name": "Mhmd Fadil", "id": "mhmd.fadil.1460"}, {"name": "Jimi Tandes", "id": "jimi.tandes.923"}, {"name": "Alfian Saputra", "id": "ajay.priyoga"}, {"name": "Auliya Syg", "id": "auliya.syg.718"}, {"name": "Enjum", "id": "enjum.enjum.3194"}, {"name": "Gskaa Kdllh", "id": "gskaa.kdllh"}, {"name": "Renaldi Naldi", "id": "renaldi.naldi.56211497"}, {"name": "Moh Dani", "id": "moh.dani.562114"}, {"name": "Farzan Maulana", "id": "farzan.maulana.948"}, {"name": "Zidan Badjuber", "id": "muh.zidan.351756"}, {"name": "Sindi Cindy", "id": "sindi.cindy.71868"}, {"name": "Asiva Faradilla", "id": "asiva.faradilla.3"}, {"name": "Nangsi Anci", "id": "nangsi.anci.3"}, {"name": "Agung Lasahi", "id": "bambang.lasahi"}, {"name": "Selvi M Yia", "id": "selvi.myia"}, {"name": "Syeikh Abdullah Syeikh Abdullah", "id": "syeikhabdullah.syeikhabdullah"}, {"name": "Alam Syh", "id": "alam.syh.9083"}, {"name": "Taryadi", "id": "taryadi.taryadi.357622"}, {"name": "Yqti Abraham", "id": "yqti.abraham"}, {"name": "S Hidayat", "id": "said.hidayat.1610"}, {"name": "Indriyanti Indri Yanti Indri", "id": "indriyanti.indriyantiindri"}, {"name": "Laode Mursalin", "id": "laode.mursalin.33"}, {"name": "Indriyanti Indri", "id": "indriyanti.indri.1614"}, {"name": "Habibie Baim Syah", "id": "habibiebaim.syah.7"}, {"name": "Darwin Katupa", "id": "darwin.katupa"}, {"name": "Fik Kiki", "id": "fik.kiki.944"}, {"name": "Andari Nsnrum", "id": "andari.nsnrum.5"}, {"name": "Nabil Pumpu Tunju", "id": "nabil.janco"}, {"name": "Tator", "id": "indra.tator.5"}, {"name": "Rahman Kucluk", "id": "sena.setiawan.777"}, {"name": "Ain Syg", "id": "ain.syg.923"}, {"name": "Rafly Mhmd", "id": "rafly.mhmd.7549"}, {"name": "Wulandari Sumarau", "id": "wulandari.sumarau.1"}, {"name": "Andra Klau", "id": "andra.klau.5"}, {"name": "Afdal AR", "id": "afdal.ar.501"}, {"name": "Kang Somay", "id": "sidikganteng123"}, {"name": "Indah Putri", "id": "roni.siregar.3726613"}, {"name": "I Fasnira", "id": "hanifas.djabar"}, {"name": "Manda Kini", "id": "manda.kini.758"}, {"name": "Billnbill", "id": "nbil.aprl"}, {"name": "Sofyan Sofyan Ward", "id": "sofyan.sofyanward"}, {"name": "Fiyy", "id": "rafymusawa"}, {"name": "Faryo S Nurdin", "id": "faryo.snurdin"}, {"name": "Fikram Blues", "id": "fikram.addenithaim"}, {"name": "Tiara Mantangi", "id": "tiara.mantangi"}, {"name": "Ari Bizer", "id": "katek.lampu"}, {"name": "Syng Kmu", "id": "syng.kmu.79025648"}, {"name": "Muhammad Naas", "id": "muhammad.naas.39"}, {"name": "Arini Lestari Arini", "id": "arinilestari.arini.9"}, {"name": "Reval Do", "id": "reval.do.100046"}, {"name": "Mutriadi Mutriadi", "id": "mutriadi.mutriadi.56"}, {"name": "Indra Mham", "id": "indra.mham"}, {"name": "Faisal Laue Isal", "id": "faisal.l.isal.9634"}, {"name": "Gio Agusti", "id": "gio.agusti.31"}, {"name": "Saka Maulana", "id": "saka.maulana.944"}, {"name": "Sintya Selvy", "id": "sintya.selvy.5"}, {"name": "Alfia S Ampbali Alfia", "id": "alfiasampbali.alfia"}, {"name": "Moh Bagus Ali Akbar", "id": "moh.b.akbar.92"}, {"name": "Nurrizka Unnisa", "id": "nurrizka.unnisa.9"}, {"name": "Bang Risky Al Ris", "id": "babang.ris.5249"}, {"name": "Ayi Sayng", "id": "ayi.sayng"}, {"name": "Ansori Geoge", "id": "ansori.geoge.90"}, {"name": "Indri Lamohi", "id": "indri.lamohi.9"}, {"name": "Moh Adit", "id": "moh.adit.752"}, {"name": "Moh Faujan Salila", "id": "faujan.salilah"}, {"name": "Mavri Penter", "id": "mavri.penter"}, {"name": "Agus Pramana", "id": "agus.pramana.9237"}, {"name": "Wnl Demon", "id": "wnl.demon.9883"}, {"name": "Arjuna Satya", "id": "arjuna.satya.1088"}, {"name": "Elsi Dwi Mardia", "id": "elsi.mardia"}, {"name": "Dika Ceket", "id": "dika.ceket.77"}, {"name": "Ku Gatotkaca Aziz", "id": "kugatotkaca.aziz"}, {"name": "Waute Pernakan", "id": "waute.pernakan.12"}, {"name": "Galang Tzy", "id": "galang.boae"}, {"name": "Mhmd Erwin", "id": "mhmd.erwin.754"}, {"name": "Azril Moh Azril", "id": "azril.mohazril.5"}, {"name": "Aslam Nino", "id": "aslam.nino"}, {"name": "\u200e\u06e6\u06e6\u06e6\u06e6\u06e6\u200e", "id": "lisa.jho.58"}, {"name": "Hardirai Cahyadi", "id": "hardirai.cahyadi"}, {"name": "Karlin Jawa", "id": "nyong.boawae.180"}, {"name": "Al Al", "id": "fiy.fiy.79656"}, {"name": "Semuel", "id": "semuel.coworktiktok"}, {"name": "Jank Skuy", "id": "jank.chikal.3"}, {"name": "Said Hidayat", "id": "brembo.juss"}, {"name": "Nuzul Ibrahim", "id": "nuzul.ibrahim.3"}, {"name": "Syadam", "id": "syadam.syadam.1253"}, {"name": "Moh Riski Lahale", "id": "mohriski.lahale"}, {"name": "Silvi", "id": "sinvi.haru"}, {"name": "Alyaa Balango", "id": "alyaa.balango.1"}, {"name": "Darwin Temola", "id": "darwin.temola"}, {"name": "Famil J R", "id": "famil.jr"}, {"name": "Ridho Ganzz", "id": "coa.t.gen"}, {"name": "IndriaMuhlis", "id": "indria.muhlis.3"}, {"name": "Abdul Hidayat", "id": "abdul.hidayat.73345"}, {"name": "Firdaus Tahasa", "id": "firdaus.tahasa"}, {"name": "Syiren Anatasya", "id": "syiren.anatasya.lawau"}, {"name": "Nuel Sembiring", "id": "nuel.sabr"}, {"name": "Sponsbob Petrik Skwitwort", "id": "gita.lahiya.7"}, {"name": "Nabila Yodjo", "id": "nabila.yodjo"}, {"name": "Nur Alifka", "id": "nur.alifka.986"}, {"name": "Siti Syg", "id": "siti.syg.35728"}, {"name": "Fahril Aril", "id": "fahril.aril.5492"}, {"name": "Indaa Indaa", "id": "indaa.indaa.75248"}, {"name": "Mas Berto", "id": "faisalmara.m.9"}, {"name": "Ica Icha Lamru", "id": "farida.ichalamru"}, {"name": "Rinaldi Syg", "id": "rinaldi.syg.1"}, {"name": "Amelia Sintiya Bela", "id": "ameliasintiya.bela"}, {"name": "Safarudin Ibrahim", "id": "safarudin.ibrahim.7"}, {"name": "Safina Z Kengkong", "id": "safina.z.kengkong"}, {"name": "Siti Hasana Baqir", "id": "sitihasana.kengkong.1"}, {"name": "Akmal Fkalangu", "id": "akmal.fkalangu.7"}, {"name": "Bilong", "id": "bilong.bilong.777363"}, {"name": "Key", "id": "dex.kay.79"}, {"name": "Riky Iki", "id": "riky.iki.7393"}, {"name": "Kalsum Badjeber", "id": "kalsum.badjeber.79"}, {"name": "Kayla Ntaki", "id": "kayla.ntaki"}, {"name": "Safina", "id": "safina.niboss"}, {"name": "Isti Qama", "id": "isti.qama.355"}, {"name": "Indra Muhamad", "id": "lo.k.gua.7"}, {"name": "Nurul Nalisda", "id": "nurul.nalisda.7"}, {"name": "Putri Aulia", "id": "aulia.yodjo"}, {"name": "Siti Syalwah Ntaki", "id": "siti.s.ntaki"}, {"name": "Indar Z Sumarau", "id": "indar.sumarau"}, {"name": "Giska Cangtipp", "id": "giska.saha.5"}, {"name": "NurAin Ain", "id": "helmixx.helmixx.5"}, {"name": "Yunda Aprisilia", "id": "resky.eski"}, {"name": "Cinta Amboday", "id": "cinta.amboday.1"}, {"name": "Riski Sapa", "id": "riski.sapa.12"}, {"name": "AFadli Paresa", "id": "afadli.paresa"}, {"name": "Siti Wahdania", "id": "siti.wahdania.921"}, {"name": "Chelsea Kazzayara", "id": "chelsea.kazzayara"}, {"name": "Marwa", "id": "sitimarwa.sitimarwa.96"}, {"name": "Golden Mahibest", "id": "golden.mahibest"}, {"name": "Sigit Igit", "id": "sigit.igit.127201"}, {"name": "Sadgril Sad", "id": "cintaq.dusta.7"}, {"name": "Muhamad Abil", "id": "muhamad.abil.3990"}, {"name": "Kopral Jono", "id": "mawar.syg.7792052"}, {"name": "Hasan Temtem", "id": "hasan.temtem"}, {"name": "Rasti Cimol", "id": "rifaldi.fadli.37"}, {"name": "Rasmi T Ntaki", "id": "rasmi.khumairah.3"}, {"name": "Zarah Cancip", "id": "zarah.cancip"}, {"name": "Alpukatss", "id": "alyaa.balango"}, {"name": "Ridwan Lubis", "id": "ridwan.lubis.10048"}, {"name": "Sha Amoraa", "id": "sha.amoraa.7"}]}