{"created_at": "17 February 2022 - 02:17:33", "file_name": "nabila.json", "data": [{"name": "Nabila", "id": "nabila.latif.750"}, {"name": "Nabila", "id": "kang.copetv"}, {"name": "Nabila Abdullah", "id": "ila.gemoy.965"}, {"name": "Nabila", "id": "nah.nabila"}, {"name": "Nabila Bila", "id": "ada.bakukanal.10"}, {"name": "Nabila Supu", "id": "nabila.supu.5"}, {"name": "Nabila", "id": "nabila.vadheamaulidika"}, {"name": "Nabila Aprilia", "id": "nabila.aprilia.92775838"}, {"name": "NABILA", "id": "nabila.anandita.399"}, {"name": "Nabila Zahra", "id": "nhurr.emon"}, {"name": "Nabila Lasimpala", "id": "nabila.lasimpala.7"}, {"name": "Nabila Darise", "id": "nagita.safirah.1"}, {"name": "Nabila Abila", "id": "nabila.abila.3726"}, {"name": "Nabila", "id": "nabila.ndawa.9"}, {"name": "Nabila Sarii", "id": "nabila.sarii.56"}, {"name": "Nabila Sotta", "id": "nabila.dgsotta.9"}, {"name": "Nabila", "id": "nabilla.cans.144"}, {"name": "Nabila Madjaya", "id": "nabila.madjaya.5"}, {"name": "Nabila Putrii", "id": "nabila.putrii.35110"}, {"name": "Nabila Liobi", "id": "nabila.liobi"}, {"name": "Nabila", "id": "bila.alfindo"}, {"name": "Nabila Putri", "id": "nbila.ptri.359"}, {"name": "Na Bila", "id": "nursyifa.nabila.798"}, {"name": "Nabila", "id": "ar.ga.7587370"}, {"name": "Nabila Kesya", "id": "rizki.utama.90226"}, {"name": "Nabila Al'amri", "id": "nabilas.alamri"}, {"name": "Nabila Patanda", "id": "nabila.patanda"}, {"name": "Nabila Saba", "id": "nabilla.sabba"}, {"name": "Bila", "id": "kg.tw.961"}, {"name": "Nabila Albahar", "id": "nabila.albahar.50"}, {"name": "Ratu Rizky Nabila", "id": "ratu.rizkynabila.7"}, {"name": "Fan Pranata", "id": "novita.imran.376"}, {"name": "Saya Fahmi", "id": "alvi.disolder"}, {"name": "Putri Nabila Azzahra", "id": "onewgaming.oneshop.9"}, {"name": "Nabilaa M Iba", "id": "nabilaa.miba"}, {"name": "Mamat Jo", "id": "mamat.kapak.77"}, {"name": "Ming", "id": "asmiati.asmiati.3538"}, {"name": "Nabila Binta Islam", "id": "islam.nabila"}, {"name": "Glang", "id": "salsabila.nabila.94801"}, {"name": "Mif Gretodd", "id": "nabila.chan.528"}, {"name": "Bila", "id": "nabila.nafi.587"}]}