{"created_at": "17 February 2022 - 12:20:27", "file_name": "nico.pristel.json", "data": [{"name": "Kejora Plaju Palembang", "id": "kejora.palembangg"}, {"name": "Gatan Gege", "id": "gatan.nihhgenkk"}, {"name": "Irpan Erlian", "id": "Irpanerlian"}, {"name": "Alfareza Majima", "id": "muhammad.zidane.1420354"}, {"name": "Teguh Andriansyah", "id": "gazs.pool.12"}, {"name": "Dikaa Keselek Gas", "id": "muhammadfauzi.filawan.75470"}, {"name": "Rizky SadBoi", "id": "arfannrekber"}, {"name": "Saya Sanz", "id": "sanz.xgans.52"}, {"name": "Muhammad Hidayahhh", "id": "ardhi.ginting12"}, {"name": "Wikiboy", "id": "Auliaa.indrii"}, {"name": "Ciing X Gans", "id": "alifx.gans.90"}, {"name": "Kang Reza Ngab", "id": "kang.rezangab"}, {"name": "I M Sanzz", "id": "muhammadisnaini.abdillah.5"}, {"name": "Yan Yeuh", "id": "wean.liable"}, {"name": "Billy Gblk", "id": "show.ind.9"}, {"name": "Rik Gans", "id": "rik.cupu"}, {"name": "Wanss Tzy", "id": "awaneluxez.id"}, {"name": "Deni Akmal Ramadhan", "id": "adinda.salsabila.96592"}, {"name": "Ipos Leaven Tezetye", "id": "sigendut.sigendut.509"}, {"name": "Anugrah Wisnu", "id": "anugrah.wisnu.75"}, {"name": "Yanu Gamntenk", "id": "Yanu.Sayang.Chelsi"}, {"name": "RAMA ALDY", "id": "Rama21rekber"}, {"name": "Dimz Gejet", "id": "dimas.dexuze.7"}, {"name": "Ahay Cuan", "id": "ahayshoptzy"}, {"name": "Riza Jebe", "id": "riza.cuan.5"}, {"name": "Ramz Ex", "id": "ZACKYFIRDAUS.rekber"}, {"name": "Patrickhs", "id": "suyun.carlotewu99999"}, {"name": "Dovan Sesi", "id": "dranancha.nub"}, {"name": "Gulai Khenyom", "id": "gulai.khenyom"}, {"name": "Saha Weh", "id": "raffy.unyilcroot"}, {"name": "Firman Black Eteng", "id": "firman.black.336"}, {"name": "Edu V P", "id": "edupurba.edupurba.3"}, {"name": "Aura Bang II", "id": "babang.nst.9638"}, {"name": "Goss", "id": "im.fariz.5"}, {"name": "Sahdan Jebee", "id": "seller.unchek.1"}, {"name": "Bang Rizki", "id": "riski.rhoma.1"}, {"name": "Fiynn Exten", "id": "alfin.yp.18"}, {"name": "Iky GoodBoy", "id": "valendito.valendito.79"}, {"name": "Fitra Ramadhan", "id": "tra.hyuzz"}, {"name": "Daniyal Fauzann", "id": "fauzan.prsb.9"}, {"name": "Gakan Tyo R", "id": "nafis.a.syah.14"}, {"name": "Davinn", "id": "davz.erozionii"}, {"name": "Cahyo Sr II", "id": "cahyosr.utama"}, {"name": "Abi Jawaa Nih Genk", "id": "Abigantenggadaobat"}, {"name": "Anang M", "id": "anang.m34"}, {"name": "Hiyo", "id": "nekofero"}, {"name": "Rizky Utama", "id": "rizky.utamaaa"}, {"name": "I M Putzz", "id": "IM.PutzzReal"}, {"name": "Joksanz", "id": "Joksanz.admin.wibu"}, {"name": "Saya Metzz", "id": "metz.gans"}, {"name": "Iki", "id": "rifa.mauliddini.58"}, {"name": "Hullz GoodBoy", "id": "hullz.ngenboy"}, {"name": "Ridan Hrynoo", "id": "ximon.desh.5"}, {"name": "Dioibeez", "id": "urclownaja"}, {"name": "Mhmd Rizky", "id": "Mhmd.Rizky22"}, {"name": "Dvid Kebelet Coly", "id": "syimx.gans"}, {"name": "Arif XD.", "id": "miffx.ii"}, {"name": "Dino Ganz", "id": "pending.bbe"}, {"name": "Ayan Goyeng", "id": "ayan.goyeng.9279"}, {"name": "ILham Gagal Crott", "id": "punkjangrik.pinkkangrik"}, {"name": "Muhammad Hafidz", "id": "muhammadhafidz1245"}, {"name": "Rees GaGah", "id": "agung.r.wijaya.54"}, {"name": "Daspanzz", "id": "beli.dapat.14"}, {"name": "Itz Dit", "id": "itz.dit"}, {"name": "Frii Hengker Wibu Tzy", "id": "ixfri.ganzz.5"}, {"name": "Nopemm", "id": "achill.gabut"}, {"name": "Obyy", "id": "obyy.obyy.50364"}, {"name": "Kata Sandi Ok", "id": "akbar.afong"}, {"name": "CHAN", "id": "channstore28"}, {"name": "Rizki Fikri", "id": "Rizki.fikri.n"}, {"name": "Adit X Utama", "id": "diit.diit.547"}, {"name": "Kall - Gudboii", "id": "hanzi.middleman"}, {"name": "Ravy Real", "id": "alip.maulana.5076"}, {"name": "Nobi Doang", "id": "taufiq.dong.1"}, {"name": "Fiss XD.", "id": "aripin.darknigh"}, {"name": "MAS G\u3000I\u3000Z\u30c4", "id": "MasGizOfficial13"}, {"name": "Iyann", "id": "iyann.nihbos.9"}, {"name": "Abimas Nih Bos", "id": "abimasnihbos25"}, {"name": "Gege Epos", "id": "EposGegeNgenagReal"}, {"name": "Alfian Al", "id": "mhd.udin.180"}, {"name": "Lann", "id": "rudi.gans.336"}, {"name": "Za Kwo", "id": "bas.louth"}, {"name": "Ikhsan Ajalah", "id": "irfan.hari.7568"}, {"name": "Wahyudi", "id": "Thomas.Hdr"}, {"name": "Bilal Pembantai Ripper", "id": "wahyuka.gunawan"}, {"name": "Gilarz X Garz", "id": "tegar.aripai.3"}, {"name": "Manda II", "id": "manda.ii.5454021"}, {"name": "Ridho", "id": "devan.adiwiratama.311"}, {"name": "Dhanz Kebelet Gagah", "id": "kino.mbredetzz"}, {"name": "Ahmad Goodboyy", "id": "abdulwahid.masum.1"}, {"name": "MUHAMMAD FAREL", "id": "zama.wrk"}, {"name": "Kenal Dimas", "id": "firhan.firhan.35380399"}, {"name": "Yusup Saputra", "id": "hudayahtul.hudayahtul"}, {"name": "Kii", "id": "rizki.dwi.3139241"}, {"name": "Haikal Islam", "id": "haikal.islam.79"}, {"name": "ANDY GAGAH", "id": "Me.andy17"}, {"name": "Dry Fams", "id": "devri.smith.5"}, {"name": "Deden Sanjaya", "id": "aryankeselek.gass"}, {"name": "Afiss", "id": "Candra.NiGenk"}, {"name": "Fahri", "id": "FahriDN7"}, {"name": "Ikhsn", "id": "sklondon.arol"}, {"name": "Xena Bisu", "id": "danz.dutakenon"}, {"name": "Abii", "id": "angx.seller"}, {"name": "Hosaa", "id": "Hosaa.aja"}, {"name": "Dwi Setyo Adi Prabowo", "id": "dwi.s.spd"}, {"name": "FAJAR SANZZ", "id": "FAJARLOL29"}, {"name": "Ikyy Bisuu Kntl", "id": "ripan.pratama.98"}, {"name": "Hambalii Hambalii", "id": "Mashambaliii"}, {"name": "Barz - Setboy", "id": "endank.boedakpersib.99"}, {"name": "Wildan Nehh", "id": "wildan.yusril.792"}, {"name": "Rulzz - Ex", "id": "RulzzEx01"}, {"name": "Erlan R", "id": "erlan.erlangga.108"}, {"name": "Dapzz Goodluck", "id": "dapzz.goodluck"}, {"name": "Boann R", "id": "boann.r"}, {"name": "Ipos Afi Tezeye", "id": "afi.realnofake"}, {"name": "\u30ac\u30f3\u30af \u30db\u30f3\u30c0", "id": "anggoro.danu.7"}, {"name": "Fajri", "id": "fajri.gans.16"}, {"name": "M Syarifudin", "id": "msyarif.fudin.94"}, {"name": "FADLI YOVANDY II", "id": "fadly.yovandy"}, {"name": "ANGGUN YUNITA PUTRI", "id": "anggunyp.flystore"}, {"name": "Ega Ngenang", "id": "diah.ayyash"}, {"name": "Liboy", "id": "ly.gz.39"}, {"name": "Dilan KW", "id": "fiqih.wongwadas"}, {"name": "Ridho Adhar Prasetya", "id": "ridhoapreal"}, {"name": "Curyp Ganz", "id": "curyp.ganz"}, {"name": "Riko Gz", "id": "kikoxgans.gans"}, {"name": "Mfir", "id": "firman.domikado.10"}, {"name": "Mass Bayuu", "id": "edo.sanjaya.71653318"}, {"name": "Snep Gz II", "id": "jumadil.aksa.1"}, {"name": "FISS IKAN FATAHILLAH", "id": "hafidz.awaludin.796"}, {"name": "Cak Marr", "id": "azzuhra.vivia"}, {"name": "Wian Gutboi", "id": "Wiantzy"}, {"name": "Wahyu Mky", "id": "whymky76"}, {"name": "Gii Gezzet", "id": "risa.cantip.77"}, {"name": "Adek Agim", "id": "rizki.afandi.5477272"}, {"name": "Samuel Hutahaean", "id": "samuel.hutahaean.3158"}, {"name": "Wan Riq Olt Bingitzz", "id": "jeri.olenk.97"}, {"name": "Moh Angga", "id": "moh.angga.16121"}, {"name": "Udin Sadboy", "id": "whall.tablo"}, {"name": "Nandantf", "id": "nanda.rajamiscrits"}, {"name": "Jasem Oneshop", "id": "bang.juanda.1"}, {"name": "Edwin Firmansyah", "id": "edwin.firmansyah.988"}, {"name": "Wall", "id": "real.argatkd"}, {"name": "Akmal Xynz", "id": "AkmallUtamaa"}, {"name": "Saya Bagas", "id": "bagaswangsap"}, {"name": "Whyu Real", "id": "ragil.hanzz"}, {"name": "Sanggrah New", "id": "plenteng.sot"}, {"name": "Deni Vakum", "id": "jambi.id.507"}, {"name": "Zyyn Shopp", "id": "rafli.s.hidayatullah"}, {"name": "Brodyy Endles", "id": "naz.fathur.1"}, {"name": "Wan Ez", "id": "joni.ken.182"}, {"name": "Lionel Vinzhy", "id": "muh.hasdi.73"}, {"name": "Aldi Tusbol Pntat", "id": "bratasoe.oepath"}, {"name": "Taamz", "id": "taamz"}, {"name": "Jordy Elmatadore Elkontole Ya", "id": "jiie.tod"}, {"name": "Ananda X GZ", "id": "anandaxgzzx"}, {"name": "Fikha Covert", "id": "fikha.nose.71"}, {"name": "Saya Said", "id": "SayaSaid.SadboyNgenang27"}, {"name": "DanzBy Adt", "id": "nindra.nindra.7583"}, {"name": "Fan Takt", "id": "afan.saha.5"}, {"name": "Benedictus Awangga", "id": "benedictus.awangga.5"}, {"name": "Ega Ngenang Bisu", "id": "jhon.syad.5"}, {"name": "Fadly", "id": "fadly.pw"}, {"name": "Nesyaa Putri Uwuww", "id": "Amir.keselek.REKBER"}, {"name": "Tanjung Ombak", "id": "tanjung.ombak"}, {"name": "Ikyy Fucvbooy", "id": "ikyy.ramdhani.7"}, {"name": "I M Milka", "id": "lutfialfaruqi.lutfi.5"}, {"name": "Hari Ya", "id": "hari.ya.14473"}, {"name": "GALANG KANJUT", "id": "cahya.koplok.58"}, {"name": "Putra Lembayung", "id": "putra.lembayung.961"}, {"name": "Dava Aditya \u03a7D.", "id": "itsmeedaap"}, {"name": "Muhammad Pasha", "id": "mustofa.tok.315"}, {"name": "Yos", "id": "yos.utamaa"}, {"name": "Badar Xry", "id": "click.more.581525"}, {"name": "Thung Kntl", "id": "thung.kntl"}, {"name": "Ramaa S", "id": "rama.sty.94"}, {"name": "Mark Putra", "id": "saputra.xsans.94"}, {"name": "DitZz Setboy", "id": "sontoloyo.welewele.71"}, {"name": "Rival Destar", "id": "rival.gaming.9003"}, {"name": "Ditzz Stress", "id": "radit.ganz.31"}, {"name": "Royy Crings", "id": "RoyyCringsXD"}, {"name": "Tirzz X Goodboyy", "id": "m.risi.96"}, {"name": "Faqih Yuhuu", "id": "faqih.ganteng.valid.no.debat"}, {"name": "Raditya Perdana II", "id": "radstroboy"}, {"name": "Sayaa Defind", "id": "radian.sadboy"}, {"name": "Saya Khunn", "id": "NunuhGanteng"}, {"name": "M YUSUF", "id": "NOVALREKBER24"}, {"name": "I M Ardii", "id": "SqubySeller"}, {"name": "ASEP GARDEN II", "id": "ren.bangke"}, {"name": "Depano", "id": "erlangga.syaputra.14203544"}, {"name": "Fiss Ingin Ngenang", "id": "kurnia.curvasud.7"}, {"name": "Mamang Yanto", "id": "yanto.xray.1"}, {"name": "Andz Exdi", "id": "andz.jebeh"}, {"name": "Rapi", "id": "rafa.gans.39750"}, {"name": "Galihh", "id": "hadzz.delvano"}, {"name": "Caca Cans", "id": "ferdiansyah.zulfikri.77"}, {"name": "Andra X Tod", "id": "jokox.shoop"}, {"name": "Cikal X Fine", "id": "adit.ganzz.581"}, {"name": "Reno Keselek Eek Kambeng", "id": "reno.alshop"}, {"name": "Luk's Luk's", "id": "RelSkyy"}, {"name": "Yogii II", "id": "gede.roy.90"}, {"name": "Adrian Ganz", "id": "lah.ngatur.14"}, {"name": "Dell", "id": "dede.kodell.5030"}, {"name": "Candra Aditya", "id": "shopee.shopee.92754"}, {"name": "DAMARR", "id": "aditya.adityafebrian.3"}, {"name": "\u200e\u1360\u0f12\ud835\udc0c\ud835\udc00\ud835\udc12 \ud835\udc00\ud835\udc0a\ud835\udc01\ud835\udc00\ud835\udc11 \ud835\udc0f\ud835\udc04\ud835\udc11\ud835\udc14\ud835\udc03\ud835\udc00\ud835\udc0b\ud835\udc0b \ud835\udc00\ud835\udc02\ud835\udc02\ud835\udc0e\ud835\udc14\ud835\udc0d\ud835\udc13 \ud835\udc0f\ud835\udc04\ud835\udc0d\ud835\udc03\ud835\udc0e\ud835\udc12\ud835\udc00 \u0f12\u1360 \ufe3b\u0926\u0941\u20e6\u0338\u0338\u0335\u0335\u0347\u033f\u033f\u033f\u033f\u03a9\u0335\u0335\u0347\u033f\u033f\u0e4f\u0640\u0640\u0640\u0640\u0640\u0640\u0640\u0640\u0640\u0640\u0640\u0640\u0640\u0640\u0640\u0640\u0640\u0640\u0640\u0640\u0640\u0640\u0640\u0640\u0640\u0640\u0640\u0640\u0640\u0640\u0640\u0640\u0640\u0640\u0640\u0640\u0640\u0640\u0640\u0640\u0640\u0640\u0640\u0640\u0640\u0640\u0640\u0640\u0640\u0640\u0640\u0640\u0640\u0640\u0640\u0640\u0e4f\u0e4f\u0e4f \u2985\u2995\u2e0e\u2119\ud835\udd3c\u2115\ud835\udd3e\ud835\udd3e\ud835\udd46\ud835\udd3b\ud835\udd38 \ud835\udd3e\ud835\udd38\ud835\udd3b\ud835\udd40\ud835\udd4a \ud835\udd3b\ud835\udd38\u2115 \ud835\udd41\ud835\udd38\u2115\ud835\udd3b\ud835\udd38 \ud835\udd44\ud835\udd38\u2115\ud835\udd40\ud835\udd4a \u0f12\u2770\u2770\u2770\u2768\u2768PENIKMAT MEMEK TEMBEM BERLENDIR GADIS PERAWAN DAN JANDA MANIS\u2769\u2769\u2771\u2771\u2771\u200e", "id": "jameer.pathan.566"}, {"name": "Indra Paula", "id": "fahri.ganz.501"}, {"name": "Gibran X Sulung", "id": "gibran.gaming.144"}, {"name": "Jason Menerima Takdir Jr.", "id": "jason.dps.9"}, {"name": "Mamank ID", "id": "mamank.id.90260"}, {"name": "Irgi Fahrezy Frestyl", "id": "sayairgiasw"}, {"name": "Fadil Gamtenk Ez", "id": "ramdhani.utama.79"}, {"name": "Ikbal Bungsu", "id": "IKBAL.cv22"}, {"name": "Nandaa Nandaa", "id": "afrizul.tricahyo.3"}, {"name": "Elgi Ysj", "id": "aji.joan.790"}, {"name": "Tulz Anu II", "id": "lexsus.emplol"}, {"name": "Abi", "id": "revan.almuck"}, {"name": "Rian Gretod II", "id": "ilham.utamaii.5"}, {"name": "Hamzz", "id": "hammfndreal"}, {"name": "Khadavi", "id": "khadavi.yt.9"}, {"name": "Ohmybilzz", "id": "osaka.thail"}, {"name": "Adil", "id": "adilnandaprasetia.adilnandaprasetia"}, {"name": "Xyelly", "id": "ly.pakgirls"}, {"name": "Nell", "id": "DevRekber"}, {"name": "Zul Harman", "id": "zul.harman.3572"}, {"name": "Ayuu Cangtip", "id": "santikaa.utamaa"}, {"name": "Xin Gz", "id": "adi.xtray.7"}, {"name": "Denis Skyler XF", "id": "jati.id.1"}, {"name": "Willdan Rohman Utama", "id": "rahman.zxoner"}, {"name": "Dhea Donovan", "id": "Dhea.AdminO3"}, {"name": "Dongker Jebe", "id": "rajes.wndakenang"}, {"name": "\u0136\u0137", "id": "gideon.hutabarat.14"}, {"name": "FAKRIDA", "id": "FAKRIDASYHGAWAA"}, {"name": "Yenzz", "id": "yenzzz4"}, {"name": "Faiz R ID", "id": "faizramadhan.ramadhan.775"}, {"name": "Harun Gutboi", "id": "ayuramadhani.11"}, {"name": "Robi Amar Muzhofar", "id": "robiamar.27"}, {"name": "Husni Gblk", "id": "husni.gblk"}, {"name": "Sakur", "id": "habip.muhamathabip"}, {"name": "Eh Sull", "id": "miguel.ye.98"}, {"name": "Izal Ezy", "id": "izal.ezy"}, {"name": "Aril Gzz II", "id": "alviyan.sellerwibu"}, {"name": "Pareza", "id": "pareza.pareza.52"}, {"name": "Sanz X Kiper", "id": "skilrd.id"}, {"name": "Arepekoboys", "id": "arepekoboys.arepekoboys"}, {"name": "Fikenzy Cadangan", "id": "sugio.prasetyo.56"}, {"name": "Fiqihh Kenon", "id": "FiqihGamtenk.117"}, {"name": "Rii Tzy", "id": "ardians.hasyjs"}, {"name": "Rafli Andika", "id": "fli.nihboss"}, {"name": "Alvian Gucciano", "id": "Rezkyreallkedua"}, {"name": "Sahdan", "id": "sahdan.gans.9"}, {"name": "Rio Aditya", "id": "dapik.alpatih.9"}, {"name": "Rizqy X Neon", "id": "rizqyxneon"}, {"name": "Ahmad Fauzi Mubarok", "id": "UjiBerBer"}, {"name": "Restu", "id": "taufik.hdyt.12139"}, {"name": "Khoceng StokTruss", "id": "reyzki.meycel"}, {"name": "Zinx Wibu", "id": "ZinxMidman"}, {"name": "Aris Setiawan", "id": "tzy.izy.92"}, {"name": "Dhe Dhe", "id": "judin.slankean"}, {"name": "Lihh Gretod", "id": "bais.skyz"}, {"name": "Aditya Projeck", "id": "mamang.lord.5070"}, {"name": "Nayisilla Putri Azahra", "id": "nayisillaptrazhr.12"}, {"name": "Mimin Schovizoren", "id": "scv.schoovizoren"}, {"name": "Syawal GoodBoy", "id": "nabila.togeder.1"}, {"name": "Ryzal Tidak Wibu", "id": "saepul.rizal.56829"}, {"name": "Lutfi GZ", "id": "valz.gz.5"}, {"name": "Lann", "id": "lann.Ganz0"}, {"name": "Rmdn X Ganz", "id": "apabae.yaya"}, {"name": "I M Yanz", "id": "iyan.brothers.94"}, {"name": "Soni S", "id": "soni.sulaiman.75"}, {"name": "Heghi X Etod", "id": "KHUNTULSHOPP"}, {"name": "Zahfan X Swallow", "id": "candra.kun.39142"}, {"name": "Gandring - Goodboy", "id": "gandring.goodboy"}, {"name": "Yos Ngenn", "id": "gifaway.gifaway.1"}, {"name": "Aldi EX", "id": "aldi.bomrs.79"}, {"name": "Pler Exee", "id": "rendy.ranger.980315"}, {"name": "Lan ZY", "id": "FadlanFahrezaaa"}, {"name": "Haryati Haryati", "id": "ariel.ariansah.5"}, {"name": "Wenn Keselek Gass", "id": "wendys.saputra.5"}, {"name": "Jarzz GoodBoy", "id": "Abang.BangIzz"}, {"name": "Fizi", "id": "towel.ykc"}, {"name": "Maha Saha", "id": "maha.saha.566"}, {"name": "Ageng Reza", "id": "ageng.niswu.50"}, {"name": "Teguh Purnama Putra", "id": "teguhpurnama.putra.393"}, {"name": "Denny", "id": "denny.utama19"}, {"name": "Sugeng Rawuh", "id": "raden.dhany.37"}, {"name": "Sanzz Ler", "id": "puch.wint"}, {"name": "Odih Hamzah", "id": "odih.hamzahid.7777"}, {"name": "Ipos Ererqi Sultan Tzy", "id": "dwi.ex.923"}, {"name": "RamzKece", "id": "feri.ramdani.5249"}, {"name": "Fauzii GZ", "id": "cahaya.putrii.58760"}, {"name": "Ghia Goodboy", "id": "bangghia.gagalvakum"}, {"name": "Andreann Frmansyah", "id": "saya.andreann"}, {"name": "Defind", "id": "DefindReall"}, {"name": "Ekoo Pe Juee", "id": "aryak.as.927"}, {"name": "Rizki Tucis", "id": "kopet.kopet.94849410"}, {"name": "Denis Kelilipan Linggis", "id": "valdy.kuyy"}, {"name": "Saya Harzz", "id": "HarzzNihGenK"}, {"name": "Paul", "id": "retno.real.33"}, {"name": "Reno Crezerd", "id": "crezerd"}, {"name": "Arga Yahhaa", "id": "arga.yahhaa"}, {"name": "Umamm", "id": "umamm.umamm.7731"}, {"name": "Noval X Shopp", "id": "nada.nadia.50767984"}, {"name": "Wahyudd", "id": "wahyuddreal"}, {"name": "Muhamad Azmi II", "id": "herdyy.we"}, {"name": "AGAA GMG", "id": "agaa.yahaa"}, {"name": "Napisaa", "id": "nafisa.ii.3323"}, {"name": "Ian Skuy", "id": "ian.skuy.92"}, {"name": "Xena", "id": "sony.mdn.3"}, {"name": "Indaffz", "id": "satria.badai.35"}, {"name": "Asoka Pratama", "id": "asoka.pratama.96"}, {"name": "Zidan Ramdhan", "id": "zidan.ramdhan.334491"}, {"name": "Fadil Ozora", "id": "fadil.ozora.98"}, {"name": "Febri Godboy", "id": "febri.godboy"}, {"name": "Sen Bigsen", "id": "utopun.xhann.3"}, {"name": "Viin Gudbuii", "id": "dolken.dhollopz"}, {"name": "Rizqi Gagah", "id": "rizqigmtng99"}, {"name": "Arya ThiQo", "id": "FARUQADMINJBONLINE"}, {"name": "Muhammad Yudha Suta Prawira", "id": "muhammad.yudha.35513800"}, {"name": "Jrill X Sulung", "id": "jrill.sulung.rekber"}, {"name": "RaFzz Bhizer", "id": "raffi.hutama.7"}, {"name": "Faris Omar Ayyasy", "id": "farisomarayyasy.farisomarayyasy.3"}, {"name": "Marchel SadBoy", "id": "ridhowahyusatrio.ridhowahyusatrio.7"}, {"name": "Rouu Dlyytions", "id": "dli.gamtenk11"}, {"name": "Tyoo", "id": "bramantyo.lucky.7"}, {"name": "Yadi Keselek Sapi", "id": "yadi.uwu"}, {"name": "Ahmadzz", "id": "khafesh.ganzz"}, {"name": "Haris Stude Troyy", "id": "sayaharis.gans.5"}, {"name": "Theo Nadeak", "id": "theo.nadeak.50"}, {"name": "Aqil Petarunx", "id": "aqilygy"}, {"name": "Yan Gagah", "id": "zildjian.cipta.50"}, {"name": "Onic Daffa Tzy", "id": "daffa.arif.7771"}, {"name": "I M Hanzn", "id": "kemaz.pakekz.752"}, {"name": "Putraa Godboyy", "id": "acho.buggieszsapoetrromandirry"}, {"name": "Vanz Goodboy", "id": "adaanjim.fakboy"}, {"name": "Albert", "id": "alberrtt18"}, {"name": "Mhmd Arya", "id": "yoga.aryasquerpen"}, {"name": "Indahh", "id": "Indahrekber32"}, {"name": "Yan", "id": "burhan.so.7"}, {"name": "Zeus", "id": "zeus.sadboy.5"}, {"name": "Fajar GZ", "id": "nabilz.cuan"}, {"name": "Maxy - Ex", "id": "dinda.apriani.54540"}, {"name": "Lily", "id": "lilyJBID"}, {"name": "Marcoo", "id": "Tamvanz.Store"}, {"name": "Rafly", "id": "moh.i.hidayattuloh"}, {"name": "Ozann Good Tod", "id": "oznn.xtodz"}, {"name": "Sitd Saha", "id": "nur.sidi.963"}, {"name": "I M Rudy", "id": "seaa.seaa.92372"}, {"name": "Bayy Skyzy", "id": "bayu.skyzyii"}, {"name": "Dzaki Mark Jugebeg", "id": "dzaky.mazrifnal"}, {"name": "Suku Wi", "id": "fajar.epep.75"}, {"name": "Dili X Storee", "id": "dili.sadili.568"}, {"name": "Tia Benci Wibu", "id": "danz.uwuu.5"}, {"name": "Ibrahim Isya", "id": "Keep.halal.brody"}, {"name": "Rizz Gejet", "id": "im.ditzhola"}, {"name": "Dika Prasetya", "id": "fernando.dika.1466"}, {"name": "Maxgretodler", "id": "maxadmingantengwibu12"}, {"name": "Zan", "id": "tukimen.tukimen.395891"}, {"name": "Dimzz Hengker Wibu", "id": "MadzJb"}, {"name": "Saia Arya", "id": "ari.berto.568"}, {"name": "Josua Silitonga", "id": "jos.ua.771"}, {"name": "Scarlet Pixel", "id": "scarlet.pixel.1"}, {"name": "Risky AimGood", "id": "RiskyUtamaa"}, {"name": "Adi Celone", "id": "agimmukti.mulung.71"}, {"name": "Saia Nabil", "id": "ronzz.inibos"}, {"name": "Daniel Fedrosa", "id": "danielfedr0sa16"}, {"name": "Rianii", "id": "rianii.nhurrckp"}, {"name": "Psy Cho", "id": "synk.dia.5872682"}, {"name": "Irsa X Ganzz", "id": "IrsaaXganz"}, {"name": "Ilham Gagah", "id": "Ilham.gagah.26"}, {"name": "Mas Kang Brewok", "id": "anyep.kuclukreall"}, {"name": "Galih Pamungkas", "id": "galih.pamungkas.77715869"}, {"name": "I M Naufal", "id": "im.naufal08"}, {"name": "Adit Suparman", "id": "rifat.gaming.739"}, {"name": "Dins Goodboy", "id": "farrel.ilham.393"}, {"name": "Iyan Ramdhan", "id": "Opsi.4kunPalsu"}, {"name": "Reihan Cres", "id": "reihan.cres"}, {"name": "Zikinn", "id": "anaf.nramadhan"}, {"name": "VANN BREBES", "id": "rian.ganz.16"}, {"name": "Hanzz", "id": "lanz.ganzz.9"}, {"name": "Awura Engvos Nikoo", "id": "sohib.i.abdi"}, {"name": "Bass Jemboly", "id": "mhanif.anauffal"}, {"name": "Koko Mumek", "id": "koko.mumek.33"}, {"name": "Hann", "id": "rifa.putri.37"}, {"name": "David Rajin Menabung", "id": "David.anaknya.mark"}, {"name": "Azizz Gretod II", "id": "gonjreng.crust"}, {"name": "Purwanto Ast", "id": "uchull.firmansyah"}, {"name": "Arip Uwoy", "id": "vinachan2x"}, {"name": "Kenal Yog", "id": "tenan.bos"}, {"name": "Hasan X Cuan", "id": "hasan.whungkul.1"}, {"name": "Saya Bengg", "id": "BengGanzz"}, {"name": "Iqbal Efribadehh", "id": "ahmadx.gamtenk"}, {"name": "Sarii", "id": "sarii.avv"}, {"name": "Guss Jebee", "id": "rizki.w.permana.90"}, {"name": "Asepp Formee", "id": "sepp.jllek"}, {"name": "Fah Jr.", "id": "adminjkt0"}, {"name": "Zxy Ranz", "id": "dendi.tr.1"}, {"name": "Axs Gejet", "id": "gausah.kepolu.75"}, {"name": "Kaal Gz Evolution", "id": "kaal.genk"}, {"name": "I M Kiraa", "id": "niko.exe.1"}, {"name": "Aan Ganz", "id": "aankurnianto.aankurnianto.3"}, {"name": "Sabita X Gns", "id": "ndak.tau.96780671"}, {"name": "Vai", "id": "mrivai.lutviansyah"}, {"name": "Muhammad Fergi", "id": "muhammad.fergi.5059"}, {"name": "Dimas Ardiansyah", "id": "mark.devi.526"}, {"name": "Tito Ezz", "id": "tito.ezz.71"}, {"name": "Dodi Adiansyah", "id": "Dodi.Ganteng20"}, {"name": "Muhammad Rifki", "id": "alghifarirekberr"}, {"name": "Dika Wik Wik", "id": "dika.w.wik"}, {"name": "Deep Goodboy", "id": "leaven.gz.1"}, {"name": "Adit Gagal Pemes", "id": "ris.faris.5454"}, {"name": "Restu - Storee", "id": "MaxyStore.utama"}, {"name": "Alfin", "id": "alfin.canz01"}, {"name": "Gins X Sulung", "id": "kang.hackers.351"}, {"name": "Niko Ygy", "id": "niko.hardiansyah.771"}, {"name": "SaNtuy", "id": "santuy.ganzzz"}, {"name": "Reyhan Septiana", "id": "MidMan.RyhanSptiana21"}, {"name": "Gery", "id": "towo.lanong"}, {"name": "Saya Fikrii", "id": "fikri.bencibisu"}, {"name": "Muhamad Muiz", "id": "izz.alfarizi"}, {"name": "Syahul Romadhon", "id": "RemonGanzGg"}, {"name": "Yan Gagah", "id": "bilal.sitampan721"}, {"name": "Akbar Sad II", "id": "fyp.nihbos"}, {"name": "Razers Van", "id": "van.pantexk"}, {"name": "Andre Putra Perdana", "id": "dwisyahzen.pranata.5"}, {"name": "Xramss", "id": "bocil.xdaris"}, {"name": "Dipo Tzy", "id": "dipo.gamtenk"}, {"name": "RYAN AKATSUKI", "id": "ryan.akatsuki.58118"}, {"name": "I M Wise", "id": "rzkygz"}, {"name": "Ririn Tezyy", "id": "ririn.fndi"}, {"name": "Melisa Indriani", "id": "hyugaa.hinata.71"}, {"name": "Doy'z ", "id": "babang.doyz"}, {"name": "Reza Septa Ramadhan", "id": "hafiz.exeguard"}, {"name": "Sy Taufiq", "id": "taufik.gretod"}, {"name": "Saia Kulin X Tzy", "id": "haikal.albani.12"}, {"name": "Aga Nih Cuyy", "id": "yoshi.mario.1481"}, {"name": "Hiraishi Z", "id": "hiraishi.xsome"}, {"name": "Arya Dhanan", "id": "caption.gokillin"}, {"name": "Grcia Prtwi", "id": "ciaa.syg.3"}, {"name": "Nii Channx", "id": "kikyy.yx"}, {"name": "Maulana Said", "id": "said.maulana.90410"}, {"name": "Saia Traa", "id": "Futraa.Real"}, {"name": "Jaka Saputra", "id": "jakaptr29"}, {"name": "Kw Anjay", "id": "tri.satria.984"}, {"name": "Adnan Hosting ID", "id": "abdul.aliman.71"}, {"name": "Kolak Gedang", "id": "kolak.gedang.169"}, {"name": "Dennis Jembutz", "id": "danuadi.wibowo"}, {"name": "Citra Octafiani", "id": "citra.octafiani.1"}, {"name": "Langzz Cheero", "id": "devri.anda.3"}, {"name": "Dedi Keselek Dadu", "id": "dedikeselek.dadu"}, {"name": "Watepak Menn", "id": "risky.beban.5"}, {"name": "Isham X Have", "id": "dika.bukhori.1"}, {"name": "Fikenzy Skymo", "id": "Fikenzy.Admin.Rekber"}, {"name": "Hengker Lari Ada Wibu", "id": "wallker.xid"}, {"name": "Andhika X Javva", "id": "andhika.public1607"}, {"name": "Fri Goodboy", "id": "safri128"}, {"name": "Fadli Pawang Supra", "id": "fariz.hutama.52"}, {"name": "Ikky X Utama", "id": "rezki.tenggan"}, {"name": "BAIM NASUTION", "id": "sonjay.riboeen"}, {"name": "Niko Jebee", "id": "aidilhamid.aidil.71"}, {"name": "Dan Nih Genk", "id": "yoga.pepp"}, {"name": "WILDANZ PEBRIANSYAH", "id": "wildanz66"}, {"name": "Saverio Azhar", "id": "PANGERAN.SAVERIO.AZHAR"}, {"name": "Lucky Miftahudin", "id": "ramsatta.an"}, {"name": "Jikaji X Irael", "id": "rejhi.liari.31"}, {"name": "Zall Bhizer", "id": "GANZ.XCASPER"}, {"name": "Vadli Goodboy", "id": "inisialv.tea.3"}, {"name": "Perdii Petarunx", "id": "ajwjd.ahahw"}, {"name": "Flii Gamtenk", "id": "farel.excuzz"}, {"name": "Alday", "id": "aing.gansii.5"}, {"name": "Ahmad Lukman", "id": "ahmad.lukman.reall"}, {"name": "Wendi Set", "id": "wendi.set.9"}, {"name": "Dimas Ardiansyah", "id": "dimaa.ardiansyah"}, {"name": "Thio Argn", "id": "jasa.pulber.750983"}, {"name": "\u0dbb\u0db0", "id": "nanda.xgamtenk"}, {"name": "Paila X Kuy", "id": "faila.faila.3538"}, {"name": "Kafi Rizal", "id": "kafi.rizal.94"}, {"name": "AhmdZidan", "id": "ganzz.boss"}, {"name": "GWIGEEM", "id": "saya.igeemii"}, {"name": "Razann", "id": "hayatomax.hayatomax"}, {"name": "Riss", "id": "rissszx"}, {"name": "Andand Ya", "id": "gagal.kaya.790"}, {"name": "Awan Storee", "id": "nayla.kumalasari.9235"}, {"name": "Yt Ubay", "id": "engga.bear.9"}, {"name": "RIDUH", "id": "riduh.ganz"}, {"name": "Yogz Tzy", "id": "yogaa.ganteng.3"}, {"name": "Febri Nugroho", "id": "febri.xshoop.9"}, {"name": "Ahmd Dnuf", "id": "ahmd.dnuf"}, {"name": "Septian Rio Pamungkas", "id": "septa.krii.5"}, {"name": "Goaank Cuupu", "id": "rifki.q.haikal"}, {"name": "Saya Deden", "id": "saya.deden.12"}, {"name": "Galang Ipos Ererqi", "id": "Admin.tegalrekber"}, {"name": "Yogii Gagal Tobatz", "id": "Yogiigagahh7"}, {"name": "Rocky Storee", "id": "rocky.storee"}, {"name": "Leni", "id": "leni.mei.777"}, {"name": "Onasis", "id": "onasis.onasis.940"}, {"name": "Pe Dal", "id": "pe.dal.92"}, {"name": "Bodrex Xin", "id": "rey.mizuno.3"}, {"name": "SAM DORKY", "id": "REKBER.GzStore"}, {"name": "Garentod", "id": "garentod.garentod.1829"}, {"name": "Asyifah Zahra", "id": "aisyahzaara.cans"}, {"name": "Saya Reza", "id": "asril.apreza.12"}, {"name": "Ryoo Todz", "id": "faiznihbos19"}, {"name": "Farid Fadlil", "id": "xnusg.yzaq"}, {"name": "Lance Wm", "id": "YourFamesYouwin"}, {"name": "Awura Zan Tzy", "id": "X.zanEzy"}, {"name": "Fall X Gezzed", "id": "faujal.raffi.7"}, {"name": "Kopi Liong", "id": "Saia.Yanzx"}, {"name": "Zikri X Ezzy", "id": "ihsan.gaming.1276"}, {"name": "BangNdo", "id": "bangndo.bangndo.33"}, {"name": "Nexuss Ex", "id": "nexuss.rekber"}, {"name": "Hanifan Kzacan", "id": "juebe.remceh.no.01"}, {"name": "Cuan Tzy", "id": "penjual.epep"}, {"name": "Sai", "id": "fatih.mhmd.12"}, {"name": "Benz Agus", "id": "agusx.gansklean"}, {"name": "Leo II", "id": "galang.idjr"}, {"name": "Danzo Skyy", "id": "kian.nizar.1"}, {"name": "Muhammad Farhan", "id": "liday.pratama"}, {"name": "Kevin Chaxezone", "id": "Hady.utama01"}, {"name": "Aldy Ezz", "id": "aldy.mustafarial.7"}, {"name": "Danys Cuan", "id": "gusti.tarigan.73"}, {"name": "Hiraishi Zxy", "id": "hiraishi.xganz.7"}, {"name": "Havis X Fine", "id": "havis.xfine"}, {"name": "Ikyy", "id": "manz.skyzy"}, {"name": "Rikkyy Kun", "id": "rikky.saha.98"}, {"name": "Saya Rody", "id": "SayaRody"}, {"name": "Khy Kunn", "id": "zuan.ExTazyy"}, {"name": "Ikyy", "id": "rifkyx.bee.3"}, {"name": "Fidz Duta Entoy", "id": "amat.z.mustai"}, {"name": "Sahril Aril", "id": "rifwan.dani.12"}, {"name": "Hanz Pes", "id": "akun.hanz.ori01"}, {"name": "BLazyy", "id": "aan.maineki"}, {"name": "Rel Sahaa", "id": "farel.cuk.52"}, {"name": "Putra Anwar", "id": "Rendyganss2000"}, {"name": "Yu N", "id": "yuni.nur.315213"}, {"name": "I M Sultan", "id": "kepo.oioi.940"}, {"name": "Ney Keselek Gas", "id": "pencinta.cuan.7"}, {"name": "Hyugaa Reall", "id": "liss.boss.16"}, {"name": "Fajar Gudbooy", "id": "fajarnitoddz980"}, {"name": "Rull Goodboy", "id": "i.sell.18"}, {"name": "Denzz Goodboy", "id": "maongxd"}, {"name": "Dedy Sinaga", "id": "dedy.sinaga.3954546"}, {"name": "Sin", "id": "sinaga.x.cuann"}, {"name": "Petasan Korek Beledug", "id": "walx.nawal.5"}, {"name": "Luki", "id": "mass.lukii.3"}, {"name": "Jon Marley", "id": "goblog221"}, {"name": "Anwar Fuadi", "id": "contoh.aj.3"}, {"name": "Muhamad Aivi", "id": "aivi.cocobit"}, {"name": "Yusuf Tidack Bisa Turu", "id": "yusufx.sulungii"}, {"name": "Miftakhul Alonso", "id": "sodiq.alonso"}, {"name": "Farel Azharii", "id": "farelazhrii"}, {"name": "Bang Han II", "id": "turgo.seto"}, {"name": "Rusna Wisnu X Gans", "id": "rusnawati.mokoagow"}, {"name": "Mandzz", "id": "itz.zuka"}, {"name": "Yoga Storee", "id": "yoga.x.ganzz"}, {"name": "Sans Bang", "id": "dais.dermawan.92"}, {"name": "Gading Ardana", "id": "gading.ardana.56"}, {"name": "Sya Niko", "id": "niko.sihombing.980"}, {"name": "Roxaa", "id": "Jujussajgg"}, {"name": "Fii Tzy", "id": "dallah.dallah.969"}, {"name": "Depzz", "id": "Angga.depzzreal"}, {"name": "Ibnu Utama", "id": "bibi.gaming.9028"}, {"name": "Fadil", "id": "fadil.store.utama"}, {"name": "Haseoo \u03a7D.", "id": "DITz.utama.1"}, {"name": "Andriawan", "id": "ilana.ilana.37201"}, {"name": "Muhammad Fahrul Setia", "id": "muhammadfahrul.fahrul.904"}, {"name": "Dipaa", "id": "chlsdva.chlsdva"}, {"name": "Dinz Tod", "id": "im.sadboy123"}, {"name": "Quen Lia", "id": "zhyy.storee"}, {"name": "Restt", "id": "ressx.sadboy"}, {"name": "Tiaa", "id": "najwa.khaira.50309"}, {"name": "Xyntx Need Loverss", "id": "kannagi.kannagi.35912672"}, {"name": "Ikball M", "id": "jrii.tzy"}, {"name": "Rivann Puyuh", "id": "Jbeeez.10"}, {"name": "Guss Regency", "id": "itachii.ganz.79"}, {"name": "Angga Ganz", "id": "ahmad.raf.5099"}, {"name": "Zar Yz", "id": "muhammad.fazar.3194524"}, {"name": "Andre Zoldyck", "id": "andreas.f.sitanggang.7"}, {"name": "Ba", "id": "bagus.reiper"}, {"name": "ManXyz", "id": "kena.tipi.3367"}, {"name": "RzLighting", "id": "farel.hunting"}, {"name": "Rere", "id": "rere.cans.9634"}, {"name": "Fan GZ", "id": "fan.gz.520"}, {"name": "Spade", "id": "spade.spade.5015983"}, {"name": "Dilloyy Chiliks", "id": "dilla.ap.7355"}, {"name": "Adamm", "id": "AdamMlyft"}, {"name": "Putra", "id": "putra.judan.7"}, {"name": "Paskah Martin", "id": "paskah.martin.1"}, {"name": "Agung Chaoss", "id": "ClemencyPalayukan25"}, {"name": "Lieey Duut", "id": "patrix.ngebug"}, {"name": "Exe Cuter Gaming", "id": "gemer.sejatipasya"}, {"name": "Chelseaa Nandaa", "id": "chelseaa.nandaa"}, {"name": "LinnFrds", "id": "berlin.firdaus.503"}, {"name": "Pinz Goodboy", "id": "gansx.ganz"}, {"name": "Wann", "id": "ridwan.jts.3"}, {"name": "Lutfi ID", "id": "lutfi.chandra.5477"}, {"name": "Nurihsan Fahmi", "id": "syarif.sahal"}, {"name": "Roni Febriann", "id": "roni.febriann.5"}, {"name": "Wann II", "id": "putrax.gans.988"}, {"name": "Rima Zafitri", "id": "rima.zafitri.50"}, {"name": "Idayy", "id": "euis.pratama.75"}, {"name": "Bogama X Sean", "id": "bogama.sean"}, {"name": "Ilhamzbd", "id": "Bengkolanx"}, {"name": "Albin Ex", "id": "albin.ex.3"}, {"name": "Wann X GanZz", "id": "irwan.outra"}, {"name": "Awokawokawok", "id": "gatan.bae.79"}, {"name": "Ya", "id": "kaa.pepen"}, {"name": "Dicky Chaozyx", "id": "FikenzyGanz.Rekber34"}, {"name": "Dimas Zrx Soulth", "id": "dimas.skuy.125"}, {"name": "Iqbal Xtriem", "id": "iqbal.xtriem"}, {"name": "Rezaa Welah", "id": "rezaa.ganz.5"}, {"name": "Yudha Gamtenk", "id": "yudha.gamtenk"}, {"name": "LieDz", "id": "maulid.yanto.92"}, {"name": "Latip Uwwu", "id": "atannih.genk"}, {"name": "Andri Swallow", "id": "Xiazu132a"}, {"name": "Val Ingin Masuk Rrq", "id": "itsnan.husaini.3"}, {"name": "Badmood Wooe", "id": "badmood.wooe"}, {"name": "Frandika Tri Maridi", "id": "wandi.aza2"}, {"name": "Aldy Gans", "id": "aldy.gans.336"}, {"name": "Ultramen Mantan", "id": "rizal.zibran.121"}, {"name": "Saa", "id": "esa.gti.1"}, {"name": "Garing Keselek Kompor", "id": "gareng.xgans"}, {"name": "Ardian Bang Jago", "id": "ardianbang.jago.9"}, {"name": "Max Fly", "id": "BIINZZSXD.MIDGANS"}, {"name": "Faiz Z", "id": "aizz.z.9"}, {"name": "ZullXny", "id": "julfikar.alfariz"}, {"name": "Saam Gejet", "id": "dicc.kyy.9"}, {"name": "Dino Pratama", "id": "dino.pratama.5070276"}, {"name": "Satrio Hadi Wicaksono", "id": "satrio.h.wicaksono.56"}, {"name": "Danz", "id": "sansx.tra"}, {"name": "Mario", "id": "mario.caing"}, {"name": "Dikazyx", "id": "supriandi.supriandi.71271"}, {"name": "Latifa", "id": "Cocogans1"}, {"name": "Muhammad Fazri Gunawan", "id": "Ikbalrekber"}, {"name": "Will Gezet", "id": "willy.hungkul.77"}, {"name": "Sann Casanova", "id": "muhammad.i.putra.568089"}, {"name": "Satya Padri", "id": "satya.padri.1"}, {"name": "Zuyuu", "id": "sndy266"}, {"name": "Ryuki Yuki", "id": "saputra.kun.790"}, {"name": "Andi Membantai Tzy", "id": "andi.xganz"}, {"name": "APIS BENCI MARK", "id": "apiwsz"}, {"name": "Kang Gob Bengkel", "id": "cuci.tangan.3914"}, {"name": "Sanzz X Gans", "id": "sanzzx.gans"}, {"name": "Ciaw No Femes", "id": "ciaw.nofemes"}, {"name": "I M Aan", "id": "im.aan.7982"}, {"name": "Sad X Ganz", "id": "entang.sleentang.9"}, {"name": "Agungg", "id": "fauzi.filawan.370177"}, {"name": "Alfian Polo", "id": "kinci236"}, {"name": "Laza Laza", "id": "laza.laza.14203"}, {"name": "Wibu Pro Hengker Tzy", "id": "andre.gilzz.7"}, {"name": "Pana C'Anak Bagerr", "id": "ign.pana"}, {"name": "Izat Wibu Tzy", "id": "juspen.123.warior"}, {"name": "Permana Riqq Olt", "id": "permana.utama.77"}, {"name": "Ahmad Yandi", "id": "yandi.saha.5"}, {"name": "Anggi", "id": "anggi.fvnky"}, {"name": "Dian GZ II", "id": "seller.epep.10"}, {"name": "Danzmud X Tray", "id": "danzmud"}, {"name": "Reza Welah", "id": "zo.xgan"}, {"name": "Medium Rar", "id": "sasa.x.zuzu.5"}, {"name": "Her X Ganzz", "id": "alifx.lerr"}, {"name": "Mazee Sulung", "id": "mazeesulung"}, {"name": "DanangAlien", "id": "danang.ganzz"}, {"name": "Dika Goodboy", "id": "andika.exlalt"}, {"name": "Ky Ngentod", "id": "berty.sadboy"}, {"name": "Citra", "id": "muhammad.junaidu.589"}, {"name": "Fuad", "id": "ahmadnur.fuadi.12"}, {"name": "Nda", "id": "nanda.gans.1213986"}, {"name": "I M Zril", "id": "ZuzuZiza.II"}, {"name": "Fzzly Sptra", "id": "hackers.gagal.92"}, {"name": "Andika X Ka", "id": "cecep.nihbos.96"}, {"name": "Rifqii", "id": "kentang.rifqi"}, {"name": "SAYA RENZZ", "id": "renzz.betrix"}, {"name": "Atas Bawah", "id": "irfan.irfandi.92372"}, {"name": "Bryan Muhammad Abid", "id": "shiro.nomercy"}, {"name": "Saya Ramadan", "id": "sahrull.rmdn.52"}, {"name": "Andika Kurniawan", "id": "andika.kurniawan.73744801"}, {"name": "Renaldi Ajg", "id": "zec.tod.7"}, {"name": "Rampet X Gans", "id": "rampet.gans"}, {"name": "Bang Zall", "id": "bang.zall.5074"}, {"name": "Alpan Wxtecun R", "id": "hasan.baidawi.35"}, {"name": "I M Jembod", "id": "tarif.gretod"}, {"name": "DanzBy Arif", "id": "robby.solo.18"}, {"name": "Buronan Pki", "id": "laura.cans.9210256"}, {"name": "Zoro X Buta Map", "id": "adyx.ganzz"}, {"name": "Iky Push Cua'n", "id": "mamank.vroxyz.5"}, {"name": "Badar X Gans", "id": "tai.kotok.161214"}, {"name": "Hanzz Ndraa", "id": "enokharehiank.enokharehiank"}, {"name": "Clover Luxetich", "id": "Admin.Sopan"}, {"name": "Gillang", "id": "mamane.unna.5"}, {"name": "Regi Pratama", "id": "leaa.leaa.710667"}, {"name": "Fappzz", "id": "Arsya.X.Parzz"}, {"name": "Feryy Smoth", "id": "feryy.smoth"}, {"name": "Iqbal R", "id": "rhmdni.iqbal"}, {"name": "Antok Storee", "id": "Antok.storee"}, {"name": "Muzza", "id": "uci.pakgirl"}, {"name": "GiiXyz", "id": "reyygii.sad"}, {"name": "Rehan Ajaa", "id": "fiki.shopgame"}, {"name": "Zeen EX", "id": "zeen.prd"}, {"name": "Dlyy GZ", "id": "fadlly.id05"}, {"name": "Bah Gogle", "id": "irfan.gans.98837"}, {"name": "Arya Sashop", "id": "abduul.fiqih"}, {"name": "Farel Gz", "id": "farel.pokek"}, {"name": "Doly", "id": "doly.xganz"}, {"name": "Zackers", "id": "mas.zexx.3"}, {"name": "Fauzan Kesetrum Listrik", "id": "eko.sopo.988"}, {"name": "Andri Ex", "id": "andri.ex.10544"}, {"name": "Dedy Gamtenkk", "id": "dedysedboyy"}, {"name": "Willdan", "id": "astor.mlempem.9"}, {"name": "Erik X Syah", "id": "erik.ergiansyah.5"}, {"name": "Rendy Rendy", "id": "rio.zek"}, {"name": "Ini Nandaa", "id": "ini.nandaa.92"}, {"name": "Cahyono Aji Rangga", "id": "saman.rino.1"}, {"name": "Galih X ID", "id": "mboyak.mboyak.1656"}, {"name": "Kojek", "id": "ranggisto.ganzii"}, {"name": "Setiawan Adi II", "id": "wildan.cipeng"}, {"name": "Azis GoodBoy", "id": "azisgagal.vakum.1"}, {"name": "Mad X Keselek", "id": "ahmad.xahmaf"}, {"name": "Sultan Qimi Hiwanara", "id": "wansultan06"}, {"name": "Ibnu Malik Assidqi", "id": "anwart.ahmad"}, {"name": "Hana X Gans", "id": "hanana.hanana.73700"}, {"name": "Prayogzz", "id": "i.yoga.90813"}, {"name": "Gasuka Mikey", "id": "reza.fauzanii.9"}, {"name": "Muhammad Rilo", "id": "muhrilo07"}, {"name": "Epos Sindy", "id": "sindy.cans.75"}, {"name": "Wildan M", "id": "kenzu.apx"}, {"name": "Wahyu ChaxeZone", "id": "wahyu.dwii.169"}, {"name": "Luthfi", "id": "Adit.Ezz.8"}, {"name": "Saia Ridho", "id": "farel.prananda.12"}, {"name": "R Dani", "id": "anisa.cans.18041"}, {"name": "GunAwan Jebe", "id": "febrix.ganz.5"}, {"name": "Blodz Noxs", "id": "ranzyy.948494"}, {"name": "Choky", "id": "chokynigenk08"}, {"name": "I M Ran", "id": "Yang.nyalin.ailopyu"}, {"name": "Rofiq Chaxezone", "id": "rofiq.chaxezone"}, {"name": "I M Cooming", "id": "kila.kaimo"}, {"name": "Hengky X ID", "id": "tata.aditya.5243"}, {"name": "Irpan Erlian", "id": "ezii.pranoto.3"}, {"name": "Hanz X Ganz", "id": "hanzx.zulung"}, {"name": "Angger", "id": "rofik.hermawan.98"}, {"name": "Romli Nasution Kenon", "id": "faleh.pulber"}, {"name": "Turr Rukk", "id": "raffa.yunita.77"}, {"name": "Delvinaa Guard", "id": "dendi.boz.3"}, {"name": "Amir II", "id": "amir.ii.3994"}, {"name": "Wanzz Keselek Paku", "id": "basirutnih.genk"}, {"name": "Rian Ak", "id": "alkarim.alkarim.50702"}, {"name": "I M Raflii", "id": "raflix.tzy.1"}, {"name": "Yuwu Can", "id": "bayuv.bayuv.10"}, {"name": "Rumput Real", "id": "rumput.real"}, {"name": "Ferdy Beer", "id": "perdy.bahtiar.1"}, {"name": "\u30d6\u30c7\u30a3\u3068\u30d7\u30e9\u30b9\u30cb\u30dc\u30b9", "id": "putraentakgagal.vokum"}, {"name": "Brety Ricardo", "id": "BretyDotID"}, {"name": "Andra YZ", "id": "fathurzzy.fathurzzy"}, {"name": "Stanley", "id": "fauzi.crafter.3"}, {"name": "Izzy OneShop", "id": "kepo.you.35"}, {"name": "Surya Guu", "id": "surya.guu"}, {"name": "Wiliam Jr.", "id": "rizko.rizko.5661"}, {"name": "Laniy", "id": "hendri.masniyati"}, {"name": "Uy Sans", "id": "uy.sans.9"}, {"name": "Han Back", "id": "han.nihgenkii"}, {"name": "Ayub", "id": "nowli.ii"}, {"name": "Kyy Storez", "id": "lizaamidgirl"}, {"name": "\u30a2\u30ea\u30a2\u30ac\u30ca\u30f3 \u30a2\u30ea\u30a2\u30ac\u30ca\u30f3", "id": "arya.gans.948494"}, {"name": "Rabu Real", "id": "said.botakid"}, {"name": "Papap Utama", "id": "zul.gans.9"}, {"name": "I M Jay", "id": "syahril.romdoni.56"}, {"name": "Fenz Ganz", "id": "fenz.ganz"}, {"name": "Zann GoodBoy", "id": "rendy.brothers.777"}, {"name": "Dinzz", "id": "yubi.purnomo.3"}, {"name": "Bunn Keselek Gass", "id": "ali.chaxezone"}, {"name": "Han X Ganz", "id": "zeni.snane"}, {"name": "Arjun Keselek Gas", "id": "arjun.keselekgas"}, {"name": "Cassanova Chan", "id": "hayato.alok.378199"}, {"name": "Danz GZ", "id": "maz.xgans.5"}, {"name": "Aguna", "id": "ag.un.372"}, {"name": "Bob X Gans", "id": "bobby.pratama.587268"}, {"name": "I M Refi Menolak Jr.", "id": "raffi.jeksen"}, {"name": "Jagoan Neon", "id": "Bot.jago99"}, {"name": "Ervan", "id": "ervan.mdv.3"}, {"name": "Dimz", "id": "owh.githu.5201"}, {"name": "Ren X Swip", "id": "konkon.konkon.71216"}, {"name": "Tbhadpmgkz", "id": "tbhadpmgkz.tbhadpmgkz"}, {"name": "Opa Timor", "id": "opa.timor.3"}, {"name": "NoTzybero", "id": "yahahabapaluwahyu"}, {"name": "Naufal Fikri", "id": "naufalfb"}, {"name": "Rofiq EZ", "id": "yhmbuhyh.lek"}, {"name": "Saia Fadlan", "id": "Saia.FadlanReal"}, {"name": "Ardy Andika", "id": "ardy.andika.982"}, {"name": "Vinzz Gete", "id": "kevin.rizky.336717"}, {"name": "Iqbal Gelo", "id": "iqbal.id.16752"}, {"name": "Rey X ID", "id": "reyfan.adrian.3"}, {"name": "Cheky Qy", "id": "cheky.qy"}, {"name": "Ar Storee ID", "id": "aryyaa.sptrae"}, {"name": "Sy Sell", "id": "amir.iqbalmaulana.1"}, {"name": "Kenzo", "id": "kenzo.xd7"}, {"name": "Gilank Jamsut", "id": "gilang.r.hidayat.33"}, {"name": "Dika Membantai Wibuu", "id": "dika.prayoga.54772728"}, {"name": "Upi", "id": "wildan.arzaqi.792"}, {"name": "Yahaaha Wahyu", "id": "kaguya.chan.9847"}, {"name": "Miko Strio", "id": "okim.tru"}, {"name": "SAYA MAIL", "id": "obito.ilz"}, {"name": "DHanil ExeGuard", "id": "sama.jhi.56"}, {"name": "Sanzz Gaming", "id": "di.ky.18294"}, {"name": "Dilaa", "id": "di.shoop.79"}, {"name": "Rioo GalGil", "id": "bioo.utama.9"}, {"name": "Zen Tzy", "id": "Jerrynibund"}, {"name": "Alfarisy Akhmad Nazar", "id": "alfarisy.akhmadnazar"}, {"name": "Danial", "id": "ir.pedot"}, {"name": "Ivan Shoop", "id": "mivan.sukmahadi.9"}, {"name": "Renzz X Utama", "id": "kangberak.kangberak.9"}, {"name": "CAR FLAVA", "id": "carr.frenzy"}, {"name": "Rehan X Gans", "id": "rehan.alihalazhar"}, {"name": "Faizal Merch II", "id": "faizal.merchii"}, {"name": "Cassanova Chan", "id": "meraih.bintang.37266"}, {"name": "Yonz Sajja", "id": "IYON.GANZZ"}, {"name": "Tole'k", "id": "tolek.shoop.1"}, {"name": "Wwan", "id": "vevi.vevi.98229"}, {"name": "Muamar Irhab", "id": "saai.czx"}, {"name": "Bettadinss", "id": "ditz.gaming.39"}, {"name": "EnggarrZo", "id": "prioenggar.prakoso"}, {"name": "Eris", "id": "shutup.fck.3"}, {"name": "Wawan Bungsu", "id": "WawanUtamaDiSini"}, {"name": "Firly", "id": "mhd.firli.984"}, {"name": "Dion Fachrizal", "id": "dion.fachrizal.5"}, {"name": "Aziz X Met", "id": "achill.crewsakan.522"}, {"name": "ReyyhannTod", "id": "ReyyhannTod"}, {"name": "Dilaa", "id": "kaa.bdila"}, {"name": "\u017dli", "id": "muh.fazli.146"}, {"name": "Chaezone Rip", "id": "rizx.saputra"}, {"name": "Fhaizul Fhaizul", "id": "akbar.smaulana.148"}, {"name": "Tress Gz", "id": "ferpect.fred"}, {"name": "Fahmi Tzy", "id": "shino.gekkayii"}, {"name": "Kang Sesi", "id": "kang.sesi.509"}, {"name": "Mickoo Frandi", "id": "marco.simik.359"}, {"name": "Fahmi", "id": "darim.cas.7"}, {"name": "I M Wann", "id": "wawan.xsullung"}, {"name": "Fajar X Shopp", "id": "fajar.storeff"}, {"name": "Moch Rizal Pangestu", "id": "mochrizal.pangestu.1"}, {"name": "Santrii Gagal Konten", "id": "santrii.gagalkonten"}, {"name": "Thom X Ganz", "id": "thomas.maulana.393"}, {"name": "Deny Rz", "id": "deni.zakaria.5661"}, {"name": "Taka Hans", "id": "Takaa16"}, {"name": "Zee Shopp", "id": "dknock.bastrad"}, {"name": "Andi Saha", "id": "alya.mutiara.1481"}, {"name": "Pato X Shote", "id": "pato.shote"}, {"name": "ODERR EX GRETOD", "id": "agaa.sadboys"}, {"name": "DewaNtara", "id": "rizki.xganz.7"}, {"name": "Zovn", "id": "shine.vu.714"}, {"name": "Evann KF", "id": "evan.kf.37"}, {"name": "Sean Aloevera", "id": "cadanganoliveira"}, {"name": "Damaar Ezz", "id": "damaar.ezz"}, {"name": "Afrzz Godboyy", "id": "doraa.utama"}, {"name": "Steven Tzy", "id": "steven.nibos"}, {"name": "Ardyy X Ganzs", "id": "putraxtray"}, {"name": "Zexs Storee", "id": "zexs.storee"}, {"name": "San Husain", "id": "nek.pocci.7"}, {"name": "BelDev", "id": "uchil.mem"}, {"name": "Well X Cupay", "id": "opeet.oppet"}, {"name": "Dii Exeguard", "id": "dii.exeguard"}, {"name": "Van'Xs", "id": "devan.xid"}, {"name": "Felzzygy", "id": "Felzapalah"}, {"name": "Fall Ngk Gudluking", "id": "rflthr.slavs"}, {"name": "Ranz Serepet", "id": "iki.santuy.737"}, {"name": "Lenn", "id": "Lenn.Utamaa"}, {"name": "Riky X-shop", "id": "pak.jokowi.773"}, {"name": "Ramzz", "id": "hndrnto.skyzo"}, {"name": "Haryadi II", "id": "haryadi.ii.73"}, {"name": "Mael Sihotang", "id": "tah.da.71"}, {"name": "Amik Yntkts", "id": "raju.pratama.505"}, {"name": "Faisal Almarhum", "id": "faisala.evos"}, {"name": "Muhammad Andani", "id": "muhammad.andani.395"}, {"name": "Kim Dan", "id": "kimdan5577"}, {"name": "Ibal Nih Boss", "id": "wendi.gustiansyah.3"}, {"name": "Zyy GdBoyy", "id": "zahh.xtrayy.5"}, {"name": "Haryono II", "id": "yono.ii.102"}, {"name": "Zixx Oqta", "id": "xree.cee"}, {"name": "Harizh X Akbr", "id": "anwar.x.id"}, {"name": "\u30a2\u30c7\u30a3\u30e9\u30e0\u30c0\u30f3", "id": "oyings.citizoneii.9"}, {"name": "Rioo", "id": "Flix.EpEp"}, {"name": "Bogell", "id": "swirtwerd.tentakels"}, {"name": "Ramadhani X ID", "id": "andi.ganz.902"}, {"name": "Sean Oliveira", "id": "agung.id.16547"}, {"name": "Hans Jan Sider Bangsur", "id": "jantuk.stire"}, {"name": "Ripper Gzbt Goodxc", "id": "id.abalabal.9"}, {"name": "RAMDHANY", "id": "RamTzy2"}, {"name": "Fahrii Keselek Galon", "id": "mhmd.fahrii.92"}, {"name": "\u3046\u3061\u306f\u30b5\u30b9\u30b1", "id": "riza.glowal"}, {"name": "Iyan Iyan Woelbe", "id": "trimo.aboy"}, {"name": "Putri Macha", "id": "putri.macha.9"}, {"name": "Dreamzz Boyzz", "id": "mhmd.zanuar.54"}, {"name": "Jeri Sitepu", "id": "jeri.sitepu.35"}, {"name": "Tristan", "id": "tristan.ganteng27"}, {"name": "Farel II", "id": "poleng.poleng.1042032"}, {"name": "Bagus Xander", "id": "bagus.xander"}, {"name": "Seku Iki", "id": "seku.iki"}, {"name": "Dimas Wahyu Mustiko", "id": "dimz.storee22"}, {"name": "IRFAN FEBRIAN", "id": "callmae.van"}, {"name": "Ingfo Daget", "id": "dimas.exw"}, {"name": "Ferdiansyah", "id": "rico.ferdiansyah.545"}, {"name": "Mad'z Uwwu", "id": "madzganteng"}, {"name": "Archeon Jack", "id": "bangraya07"}, {"name": "Xionz X Storee", "id": "abdul.maruf.5070276"}, {"name": "Faqih Dahab", "id": "yans.gantenk.3"}, {"name": "Upi X Ratae", "id": "lutfi.iskandar.399"}, {"name": "Kenzo Ganz", "id": "fikra.fatan"}, {"name": "Gilang Keselek Gas", "id": "gilangpratama.ii.31"}, {"name": "Rulyy", "id": "saputra.fazil.1"}, {"name": "Andi ProPleyer Jamsut", "id": "andi.xgans.5"}, {"name": "Putra Ardiyansah", "id": "Putraardiyansah07"}, {"name": "Firza Nih Bwang", "id": "firza.nih.bos.01"}, {"name": "Ahmad GZ", "id": "ahmadx.sulung.3"}, {"name": "BiinzZs Ezzy", "id": "biinzzs.fristyle"}, {"name": "Nezz Forclase", "id": "nezz.forclase"}, {"name": "Lala Kadju", "id": "lala.kadju.9"}, {"name": "Iky Storee", "id": "ahmad.gaming.946"}, {"name": "Alex Prnm", "id": "ALEXUTAMAREAL"}, {"name": "Git Gamtenk", "id": "sigit.gagalbogell.3"}, {"name": "I M Gizz", "id": "nabil.bil.79656921"}, {"name": "Saputraa", "id": "muhamad.utama00"}, {"name": "Mzka", "id": "joyostoree"}, {"name": "Guss ID", "id": "rio.d.yuniarto.9"}, {"name": "Rifki X Biki", "id": "rifki.assabiki.14"}, {"name": "Reza Skyze'z", "id": "reza.skyze"}, {"name": "Sobeh", "id": "sobehkeselekbijipeler"}, {"name": "Yogdfx Krontol", "id": "petrix.stat.75"}, {"name": "Kang Anu Sesi II", "id": "kang.ii.986"}, {"name": "Ega Hidayah", "id": "cox.095"}, {"name": "\u0dbb\u0db0 \u0dbb\u0db0", "id": "kkeld.jdjxick"}, {"name": "Bayu X Pratama", "id": "nieel.boss"}, {"name": "Aink Tenten", "id": "aink.tenten"}, {"name": "Hann Rasendriya", "id": "Hannnngans"}, {"name": "Sahal", "id": "gatauu.namaa.79"}, {"name": "Ezz Buzz", "id": "ezz.buzz.3"}, {"name": "Samiaji Ngeteh", "id": "riandi.godak"}, {"name": "Kaa Tzy", "id": "sendal.goblog.9"}, {"name": "Refan", "id": "fan.xganss"}, {"name": "Daffi Rafael", "id": "daffi.rafael.1"}, {"name": "Galih Subroto", "id": "exelgan.xtr.1"}, {"name": "Toshi", "id": "ganny.ganss.3"}, {"name": "Rizki Ex", "id": "saya.aldi.585"}, {"name": "Falahi Sulung", "id": "rasel.sulung.3"}, {"name": "Yans", "id": "yans.GZ.104"}, {"name": "Fahrul Rulz", "id": "fahrulaudya.rachman"}, {"name": "Azhar Fosster", "id": "gimeng.artiii"}, {"name": "Muhammad Rizky", "id": "rizki.contolle"}, {"name": "Saha Gaming", "id": "saha.gaming.370"}, {"name": "Ressa SadBoyy", "id": "ressa.nugraha.31"}, {"name": "Raydan Fross Fly", "id": "bangfross.fly"}, {"name": "Alfii", "id": "putra.geming.7140"}, {"name": "Teguh", "id": "teguh.xgans.7"}, {"name": "Fanz", "id": "fanz.fanz.14855"}, {"name": "Harmin", "id": "harmin.brengzil"}, {"name": "Redho Keselek Kntl", "id": "seri.gala.90475"}, {"name": "Aldy - Chann", "id": "lakii.cuan.9"}, {"name": "Dika Koff Gretodd", "id": "denis.spcyx"}, {"name": "I M NikArdnsyh", "id": "akbar.tokws"}, {"name": "Muhammad Hafiz", "id": "hafiz.ganteng.sekalii"}, {"name": "Skyzo Tezi", "id": "zgxstore.zgxstore"}, {"name": "Mhmd Abed Km", "id": "gym.riski"}, {"name": "Vinz Dno", "id": "vinz.dno"}, {"name": "Tawfiq Godbooy", "id": "tawfiq.gretod"}, {"name": "Sandi Ganz", "id": "galang.xtod"}, {"name": "Ngent Ot Yuk", "id": "fikri.ganzz.503"}, {"name": "Husni X Ganz", "id": "husnix.ganz"}, {"name": "Tedy Yandra Ramadani", "id": "tedy.gans.96"}, {"name": "Agil Dimana Mana", "id": "agil.kimochi.589"}, {"name": "Saya Iksal", "id": "lupinnganss.lupinnganss"}, {"name": "Rhann", "id": "RhannYrz"}, {"name": "Faii X Cuan", "id": "show.mee.3"}, {"name": "Sinatryaadias", "id": "yass.skyzzhii"}, {"name": "Drngntra", "id": "dirgan.tara.7967747"}, {"name": "Zukki X Slurr", "id": "rizky.xawa"}, {"name": "Bucin Yan", "id": "bucin.yan.50"}, {"name": "Luu X Cans", "id": "LuuXCans"}, {"name": "Manik Hamada", "id": "ACOUNT.MANIKHAMADA"}, {"name": "Niko Exe", "id": "nyco.adittio"}, {"name": "X Sidiq Storee", "id": "max.rhnn"}, {"name": "Febri Surya", "id": "febri.surya.1420"}, {"name": "Said Maulana", "id": "maulana.said.98434"}, {"name": "Bayu Utama", "id": "agimmukti.sulung.902819"}, {"name": "Fitt Mellandry", "id": "AKBAR133"}, {"name": "Faiz Fahrezi", "id": "faiz.fahrezi.524"}, {"name": "Zhal Sksk", "id": "ibnu.f.rohman.568"}, {"name": "Xylinee Ganss", "id": "xylinee.ganss"}, {"name": "Rudy Gretod II", "id": "rudy.x.gans.9"}, {"name": "\u200e\u0645\u062d\u0645\u062f \u0627\u0644\u0641\u0627\u062a\u062d \u0645\u0628\u0627\u0631\u0643\u200e", "id": "muhamadenji.pratama"}, {"name": "Raihan Dakers", "id": "raden.dakers"}, {"name": "Abdul Aziz", "id": "IKyy.XD12"}, {"name": "Jacktoss", "id": "jacktoss.jacktoss.9"}, {"name": "SAYA ZAL", "id": "faizal.xixi"}, {"name": "Pajar Ramadhani", "id": "pajar.ramadhani.7"}, {"name": "Iwanz Zrx Soulth", "id": "iwan.bawahi"}, {"name": "Rahmad Hidayat", "id": "huda.farhatuzaky.9"}, {"name": "Wann Storee", "id": "all.garapan"}, {"name": "Dhimas S", "id": "garangan.garangan.3572"}, {"name": "Ariff Waee", "id": "dimas.aryadi.9678"}, {"name": "DEWA WIBU\u3000TERGANTENG\u3000SEJAWABARAT\u3000ANJAY\u3000PAPALE\u3000PAPALE\u3000PALE\u3000PALE\u3000BUKA\u3000DIKIT\u3000JOS - JR", "id": "dewa.xganz"}, {"name": "Fachri Mlg", "id": "fachri.mlg.5"}, {"name": "Fruzzer Gz II", "id": "fruzzer.gzii"}, {"name": "Panz Fakboyy", "id": "opax.exe.5"}, {"name": "Dii Kazee", "id": "asdi.pratama.904"}, {"name": "Faa Magwl", "id": "santuy.lah.7737"}, {"name": "Sean Oliveira", "id": "lortsean"}, {"name": "Ahmad SkyLord", "id": "ahmad.exeguard.1"}, {"name": "Badi X Id", "id": "alok.gaming.1420354"}, {"name": "Tiyo", "id": "tiyo.adtya"}, {"name": "Angga Exevelist", "id": "angga.ganss.37"}, {"name": "Billzx Jagoan Neon", "id": "asw.loe.1232"}, {"name": "Dani Muhammad Maulana", "id": "muhamad.allvandi"}, {"name": "Epos Wibu Tzy", "id": "lawaklu.baduy.94"}, {"name": "Renand Renands", "id": "gajeh.bakso"}, {"name": "Alif Khatami", "id": "alif.khatami.3"}, {"name": "Saepul Nur Zaman", "id": "vacus.id"}, {"name": "Haris", "id": "haris.suyanto.71653"}, {"name": "I M Tannz", "id": "tantan.kasep.71"}, {"name": "Verdy ID", "id": "verdykecil.verdykecil"}, {"name": "Dio Pratama", "id": "bewan.dek.758"}, {"name": "Gtau Kok Tanya Saya", "id": "astrid.syng.3114"}, {"name": "Mochamat Fauzi", "id": "mochamat.fauzi.77"}, {"name": "Wann", "id": "Wannmimin"}, {"name": "Muhamad X Ganz", "id": "Man.Sulung1"}, {"name": "Dani Ramadhan", "id": "ferdy.yansah.5458"}, {"name": "Rahman X Zee", "id": "risky.chandra.5621"}, {"name": "Rizal Utama", "id": "rizalxataa"}, {"name": "HayooLo", "id": "hayoolo.hayoolo.9"}, {"name": "Arii", "id": "ahamadari.kundhori"}, {"name": "Gundek", "id": "fajarx.gans.98"}, {"name": "Arjuna E P", "id": "ARJUNA.EP.STORE"}, {"name": "Danz GZ", "id": "fazkio.id"}, {"name": "Yuda Gaming", "id": "storeff.lupex"}, {"name": "Mikasa GE", "id": "rizky.arleth"}, {"name": "Jess Nihh Boss", "id": "jess.nihhboss"}, {"name": "Araa Cans", "id": "arra.cansRekber"}, {"name": "Adit X Wilz", "id": "febri.xutama"}, {"name": "Danii SkyZhy", "id": "danii.exeguard"}, {"name": "Amanah X Shopp", "id": "kmji.kmji.92"}, {"name": "Jundzz Nsution", "id": "mmpsh.ahh.3"}, {"name": "Unzurnaxs", "id": "unzurnaxs"}, {"name": "AFghan Prayogi", "id": "afghan.prayogi"}, {"name": "Angga", "id": "Angga4You"}, {"name": "NEELZVY", "id": "vin.app.54"}, {"name": "Mam Jawasof Awokawok", "id": "aim.gans.3"}, {"name": "Purwoxo Cyzu", "id": "purwoko.venz"}, {"name": "Sukirno", "id": "sukirno.ya.7"}, {"name": "Akeww", "id": "azkanihboss.5201254"}, {"name": "Jodohqu", "id": "jodohqu.jodohqu.5"}, {"name": "Nayla Harapan", "id": "nayla.harapan.92"}, {"name": "AGUNG NPP", "id": "agung.m.sulung.7"}, {"name": "\u200e\ufe7a\u3000\u3000\u3000\u3000\u3000\u3000\u3000\u3000\u3000\u3000\u3000\u3000\u3000\u3000\u3000\u3000\u3000\u3000\u3000\u3000\u3000\u3000\u3000\u3000\u3000\ufe7a\u200e", "id": "suri.adi.503092"}, {"name": "Dhenys", "id": "dhenysG"}, {"name": "Deks Kasepp", "id": "putrakeselek.piring"}, {"name": "\u0e40\u0e14\u0e19\u0e14\u0e35\u0e2b\u0e25\u0e48\u0e2d\u0e08\u0e31\u0e07", "id": "dendix.sita"}, {"name": "Alvin Zidn", "id": "huxi.ganz"}, {"name": "Aldi X Gans", "id": "aldi.xgans.9"}, {"name": "Ahmad Jilwah", "id": "ahmadx.gnss"}, {"name": "Bilqis X Ganz", "id": "rida.xganz"}, {"name": "Alvin Ganz", "id": "alfin.prayoga.3150"}, {"name": "Max Femes", "id": "max.femes"}, {"name": "Galuh Ramadhan", "id": "assnji.arkam"}, {"name": "Vebri Ganz", "id": "muhamadvebri.nyakhecil"}, {"name": "Andre Tolo", "id": "andre.tolo.31"}, {"name": "Lyaa Chan Chan", "id": "hackersindyha.alya"}, {"name": "Ular Cobra", "id": "jangan.asem.33821"}, {"name": "Kiki", "id": "rizky.smiity.3"}, {"name": "Rmdhan Goodboy", "id": "aldo.rifansyah.1485"}, {"name": "Akhsan Khuluq Muhtadi", "id": "akhsan.muhtadi"}, {"name": "Yudz Sptra", "id": "agim.sukung.7"}, {"name": "Denn Zoldyck", "id": "denzx.uwu.5"}, {"name": "PeopleMars", "id": "janssky.ii"}, {"name": "Andra X KabetrYx", "id": "sultanx.makaya"}, {"name": "MaZzx", "id": "xen.lordd.3"}, {"name": "Dhul Sulung", "id": "dhul.sulung"}, {"name": "Iwan Godbooy", "id": "muhamaad.setiawan.940"}, {"name": "Ananda Yuli Anto", "id": "anandayulianto.utama"}, {"name": "Sultan Gamtenk", "id": "sultan.gamtenk"}, {"name": "Andri", "id": "andri.saja.35728"}, {"name": "Zalva Fadly", "id": "gusti.arindra.5"}, {"name": "Rafly Atma", "id": "rafly.atma.9"}, {"name": "Reyzy", "id": "rey.xtod"}, {"name": "Depa X Sadboy", "id": "pak.dugong.3"}, {"name": "Erick II", "id": "erick.ii.3781"}, {"name": "Riko Ganz", "id": "mhmmdrikoo89"}, {"name": "WA Iki ID", "id": "waiki.id"}, {"name": "Hen Dra", "id": "della.natasya.7399"}, {"name": "Alvin Ziyan", "id": "alvin.ziyan.52"}, {"name": "Daroll Kucuk Kucuk", "id": "entong.ganss"}, {"name": "Ngen X Tod", "id": "max.keselekgas"}, {"name": "Kata Jordan", "id": "gakduwe.namaa"}, {"name": "Rafi Septiana Mi'raz Suryadi", "id": "rizkyramadhan.rizkyramadhan.94651"}, {"name": "Alok Kely", "id": "radyansyah.radyansyah.378"}, {"name": "Faqihtzyy", "id": "ketokan.kuping"}, {"name": "Azhar Febriansyah", "id": "azhar.febriansyah.773"}, {"name": "Apis X YuhuuStr", "id": "apix.storbs"}, {"name": "Yanzz Gas", "id": "eka.saridin.33"}, {"name": "Dikzz", "id": "dika.boz.3"}, {"name": "Al Bagis", "id": "al.bagis.90"}, {"name": "Viky Pratama", "id": "viky.pratama.583234"}, {"name": "Dylan Pro", "id": "dilan.pro.315428"}, {"name": "Fiinaa Fiinaa", "id": "zay.notniy"}, {"name": "Vicz", "id": "bwllah.tafafv"}, {"name": "Niko X Utama", "id": "muhammadnur.hakimm"}, {"name": "Rizqi X Hoki", "id": "fajar.hoki.16"}, {"name": "Zidan M", "id": "mamas.uwu.94"}, {"name": "Michael X Sulung", "id": "azkaa.rahidd"}, {"name": "Entong Nndar", "id": "Ini.march.ajg"}, {"name": "Bedebeh II", "id": "arep.gan.7"}, {"name": "Edi ID", "id": "edi.id.714"}, {"name": "Eman Pander", "id": "twotry.gans"}, {"name": "Rifki Gntg", "id": "rifki.fatnher"}, {"name": "Radii", "id": "jack.peratama.58"}, {"name": "XIANG TZYUU", "id": "im.ayu.906"}, {"name": "I M Umr Gamtenk", "id": "lawak.dek.39"}, {"name": "Louis X Ganz", "id": "bang.louis.754"}, {"name": "Bocil X Sloww", "id": "bocil.xsloww.5"}, {"name": "Aldy Pratama", "id": "aldywibu"}, {"name": "I M Sell Gans", "id": "saya.marsell.9"}, {"name": "Lofps Audi", "id": "tasya.uwu.10"}, {"name": "Ini Denn", "id": "ini.denn.73"}, {"name": "All X Ster", "id": "mayang.ka.311"}, {"name": "Nasya Widiya", "id": "sandie.sadega.1"}, {"name": "Anggoro", "id": "anggoro.mancung"}, {"name": "M Ramz Ganz", "id": "lantoyi.lantoyi.3"}, {"name": "Wisnu Rajin Menabung", "id": "nuu.cill.92"}, {"name": "Al Azani", "id": "al.azani.505"}, {"name": "Ndan Exeguard", "id": "ndanreall2021"}, {"name": "Ikhwhan Gozz", "id": "dimas.ardianto.71697092"}, {"name": "Didit I\u0110", "id": "ditx.gans"}, {"name": "Fauzan Pratama", "id": "andhika.sii.12"}, {"name": "I M Alghi", "id": "mhd.abi.58958"}, {"name": "Saitama Utama", "id": "hanx.utamareal.9"}, {"name": "Than Than", "id": "aim.sad.14"}, {"name": "Fahmi Kun", "id": "fahmi.kun.7564"}, {"name": "Joo X Ganzz", "id": "thololu"}, {"name": "Saylendra X Ganz", "id": "saylendra.batavia"}, {"name": "SweetZy", "id": "reza.fkboy.33"}, {"name": "Rendi Gz", "id": "kazuyax.gans.3"}, {"name": "Gndra X Ganz", "id": "gndra.id"}, {"name": "I M Adit", "id": "delon.preman.online"}, {"name": "Wahid Well", "id": "kepo.kirik.315"}, {"name": "Scrugger Ezy", "id": "dhoni.ex.5"}, {"name": "Open Bersabda", "id": "adrian.supriyadi.718"}, {"name": "I M Kri Gans", "id": "seller.gans.7"}, {"name": "Irgi Hardiansyah", "id": "irgi.hardiansyah.73"}, {"name": "Rizky Nih Bun", "id": "rizky.x.ganz.16"}, {"name": "Alfian Febriansyah", "id": "eko.pais.9"}, {"name": "Dami", "id": "rifqi.maulana.39501789"}, {"name": "Inisial T", "id": "efan.adrian.52"}, {"name": "Bangsin", "id": "begeng.zgent"}, {"name": "Atl Ha Des", "id": "pangeranleman"}, {"name": "Muhamaf Rama Ziqri", "id": "ziqri.daljaro"}, {"name": "Anying Asyu", "id": "dikisnge"}, {"name": "Ryuu", "id": "Ryuu.ganss"}, {"name": "Thorik Gaming", "id": "rini.gina.71"}, {"name": "Dika Dika", "id": "bng.jago.1291"}, {"name": "Awikwok", "id": "Dannz.SW"}, {"name": "Gass Keselek Dimzz", "id": "abi.abiganzz"}, {"name": "Cukitt Jebeh", "id": "nur.w.hidayatulloh.5"}, {"name": "Glenn", "id": "lenn.xss.5"}, {"name": "Danz Yourbooy", "id": "hamd.hmdsng"}, {"name": "R X Utama", "id": "erikx.utama.7"}, {"name": "I M ULLZZ", "id": "tinni.azzam"}, {"name": "Saya Aden Firmansyah", "id": "aden.firmansyah.7967"}, {"name": "Fii", "id": "raffi.yahaha"}, {"name": "Mas Andun", "id": "hann.reyhann.92"}, {"name": "Rhenald Davids Saputra", "id": "rhenalddavids.saputra"}, {"name": "Gusta", "id": "gambren.angga"}, {"name": "Ryuu Tshuki", "id": "yusdi.xm"}, {"name": "Angga Bangset", "id": "ff.willtzy"}, {"name": "Faiz Andre", "id": "faiz.andre.98"}, {"name": "Mimin", "id": "seller.enthusiast"}, {"name": "I M Wan", "id": "gio.bochil.1"}, {"name": "FhRy", "id": "mridwan.squarpans"}, {"name": "Tegar Surya", "id": "tegar.surya.1004"}, {"name": "Xyzz", "id": "au.dha.756"}, {"name": "Peringatan Pemblokiran", "id": "ikhsan.r.danil"}, {"name": "Akbar Yuhuu", "id": "icaa.doraemonn"}, {"name": "Danz Keselek Bagong", "id": "danz.shopp.3"}, {"name": "Pejuank Ripuh", "id": "pejuank.ripuh.338"}, {"name": "Pandas Exeguard", "id": "pandas.ganz"}, {"name": "\u0f4c\u0fb7\u0f0c\u0f61\u0f74\u0f4a\u0f7a\u0f40\u0f4e\u0f60\u0f7a\u0f7c", "id": "santri.kuningan.14"}, {"name": "Trok Ray", "id": "trok.ray"}, {"name": "Febrian Syah", "id": "zenitsu.zenitsu.5205"}, {"name": "Aguss Este", "id": "agus.gaming.948011"}, {"name": "Saia Ary", "id": "ari.andriansyah.121"}, {"name": "Max Teguh", "id": "max.teguh2"}, {"name": "Atep", "id": "muhamad.atep.5477"}, {"name": "Galib R", "id": "galib.r.94"}, {"name": "Saia Yan", "id": "saia.ardyy"}, {"name": "Sulung Nih Boss", "id": "sulung.nihboss"}, {"name": "Noval", "id": "irvan.xsulung"}, {"name": "Rifan Sikhecil Berbahaya", "id": "rifansikhecil.berbahaya"}, {"name": "Nanda Bagus S", "id": "nanda.bagus.10004"}, {"name": "Angga", "id": "angga.siregar.50552"}, {"name": "Ferdinan Saputra", "id": "aldi.sanjaya.7737769"}, {"name": "Erwin Syah", "id": "kakek.gusiono"}, {"name": "\u0410\u043b\u044c\u0432\u0438\u043a\u0430\u043a\u0435\u043f", "id": "bashori.alwi.146"}, {"name": "Unzz EX YZ", "id": "devi.xcans"}, {"name": "RuLzz", "id": "hrulwee.id"}, {"name": "Davis Sto Re II", "id": "davis.bru.3"}, {"name": "Veto Fx", "id": "ridho.alwa"}, {"name": "Sony Abdil\u013aah", "id": "ikyx.kabetrik.1"}, {"name": "Iqbal X Gans", "id": "zidni.gans.581"}, {"name": "Farhan", "id": "kimmyx.shoop"}, {"name": "Wiliaam Keselek Kutangg", "id": "rangga.xstoree"}, {"name": "Zhiie", "id": "rush.j.90"}, {"name": "Bakry Bak", "id": "bakry.bak.14"}, {"name": "Trian An", "id": "trian.an.104"}, {"name": "Zidan Disinii", "id": "danz.ez.9"}, {"name": "Fahri X Ganss", "id": "anjai.xsans"}, {"name": "Fauzi Smdn", "id": "indomie.loli.35"}, {"name": "Bayu X Sulung Real", "id": "bayux.sulungreal"}, {"name": "Yudi Sam", "id": "yudi.arsandi.986"}, {"name": "Dodi Hidayah", "id": "iribilang.bossv.967"}, {"name": "Lo Wibu Tzy", "id": "utomo.solo.336"}, {"name": "Max Riee", "id": "kang.ulin.7967"}, {"name": "Alif X Capitall", "id": "yombu.bleweru.35"}, {"name": "Andi", "id": "andidestri.anto.3"}, {"name": "Ronaldfin Situmorang", "id": "ronaldx.gans.3"}, {"name": "Guuh Gejet", "id": "im.too.7"}, {"name": "Jaka", "id": "vi.m.31"}, {"name": "Ardyy Ajg", "id": "ardyy.ajg"}, {"name": "Lanz", "id": "lana.prn.9"}, {"name": "Rian Desig\u0148", "id": "rian.desig"}, {"name": "Mus Utama", "id": "mus.utama.71"}, {"name": "Rehan Styzz", "id": "rehan.id.182"}, {"name": "Asep Gans", "id": "muhammad.saw.3152130"}, {"name": "Bsma Keselek Gitar", "id": "sendiriku.tenang.75"}, {"name": "Tirta Exboard", "id": "gdkao.mungkin"}, {"name": "Ferdi Anggara Permana", "id": "ferdianggara.permana.9"}, {"name": "Rayhan Nih Bos", "id": "rayhan.nihbos"}, {"name": "Ilham Gaming", "id": "ilham.gaming26"}, {"name": "Saya Fahmi", "id": "saya.fahmiiiiii"}, {"name": "Dil Mskt", "id": "achmadil.fafir.7"}, {"name": "Arif Nih Ganb", "id": "nirmalawanasalam"}, {"name": "Zakaria T", "id": "tukik.stars"}, {"name": "Rizki Goodboy", "id": "rizki.squrepants.5"}, {"name": "Adam Zuckerberg", "id": "adam.lubis.1610"}, {"name": "Putri Nabila Azzahra", "id": "onewgaming.oneshop.9"}, {"name": "Papah Muda", "id": "fahmi.katoy.3"}, {"name": "Widi Wijaya", "id": "widi.indri.77"}, {"name": "Azza Prahtama", "id": "winda.rufitta"}, {"name": "Dicky EntodTable", "id": "ahmad.dicky.5268"}, {"name": "Colaboy Nih Genk", "id": "vanes.id.37"}, {"name": "Ibnu Al Majid", "id": "rifki.mlna.54"}, {"name": "Mahdi Shoop", "id": "maung.bundaa.5"}, {"name": "Ahmad Firmansyah", "id": "ahmadfirmansyah.ahmadfirmansya"}, {"name": "Rif Dorz", "id": "dimas.dolkken"}, {"name": "Dave Oppaiers", "id": "dave.oppaiers.9"}, {"name": "Rohim Bae", "id": "mazt.rohim.16"}, {"name": "Mantan Ripper", "id": "chiko.milannisti"}, {"name": "Ahmad EX", "id": "ahmad.ex.391"}, {"name": "Exe Ndon", "id": "paobae.wia"}, {"name": "Mantan Terindah", "id": "ruok.nihbos.3"}, {"name": "Retaka", "id": "inisial.nda.58"}, {"name": "I M Iqbal Ganss", "id": "marr.ganz"}, {"name": "Scarlet", "id": "evosletdaaifer.lugsj"}, {"name": "Zaki Good'Booy", "id": "MDzaki099"}, {"name": "Dian Xyc", "id": "nanda.syafa.37"}, {"name": "Malo Iss Back", "id": "ysep.frdm"}, {"name": "Kairii", "id": "abim.tzy.7"}, {"name": "Cici", "id": "akheyla.nst"}, {"name": "Azazel Tzy", "id": "rizky.syabani.146"}, {"name": "Choco Legends", "id": "bang.reyy.1612"}, {"name": "Maulana Mufti", "id": "fajar.muhamadsidik.75"}, {"name": "Kang Vinne Ty", "id": "Sent.9138463"}, {"name": "Geeta Tridi Art", "id": "artsnawi.artsnawi"}, {"name": "Zeet EX", "id": "zeex.el.75"}, {"name": "Bng Bani", "id": "bng.bani.3"}, {"name": "Ariana", "id": "ariana.nisa.520"}, {"name": "Aldi Aritama", "id": "aldi.toboali.1"}, {"name": "Lut Ztore", "id": "tol.di.906"}, {"name": "Den X Gz", "id": "dogol.gans"}, {"name": "Hidayat Imanuallah", "id": "ahmad.muslimbaihaky"}, {"name": "Kalz Poetra Jaya", "id": "haikal.firmansyah.39566"}, {"name": "I M Novall", "id": "hykal.nihbos.1"}, {"name": "Bear Jhonson", "id": "ah.tong.90857901"}, {"name": "Rajab", "id": "sin.can.1485537"}, {"name": "Tegarr", "id": "yxputzx"}, {"name": "Pasyyaa Dwi\u00ec Anndiikaa", "id": "pasya.cretorzy"}, {"name": "I M Danz", "id": "raflly.sadboy"}, {"name": "Rizky Donovan", "id": "dwi.gans.39"}, {"name": "Nu Isgood", "id": "nu.isgood"}, {"name": "Val Sadboy", "id": "revzal.ganz"}, {"name": "AI", "id": "ai.rein.714"}, {"name": "Yoga Kurniawan", "id": "giyonk.hmbeervoadka"}, {"name": "RI Ezz", "id": "chotabim.bim.5"}, {"name": "Ranto Silitonga", "id": "ranto.silitonga.5895"}, {"name": "Rell X Try", "id": "kaukenalboncel"}, {"name": "Sanz Keselek Bensin", "id": "akhsan.ibrahim.35"}, {"name": "Asep Hengker Antl Bts", "id": "kangdenny.kangdenny.12"}, {"name": "Renn", "id": "keceh.gaming.9"}, {"name": "Juliantod", "id": "fajar.julianto.1420"}, {"name": "Kaa Ananda", "id": "dika.mohamad.376"}, {"name": "Andre Putra", "id": "im.andre.98"}, {"name": "Ridho Alif Utama", "id": "Ridhoalifutama69"}, {"name": "Reza Ajgg", "id": "icek.icek.3133"}, {"name": "Saya Rzkyy", "id": "AdiiXyMenolakWibuKekLuAsu"}, {"name": "Nggi", "id": "nggi.aje.92"}, {"name": "Otc WL", "id": "sholihul.asad"}, {"name": "Dhika Jircniv", "id": "Dhika.Wazowksy"}, {"name": "Andi Asho", "id": "kaeng.saso"}, {"name": "Haikal Ye", "id": "sendi.haikall"}, {"name": "Sad Bo Ys", "id": "rex.luck.52"}, {"name": "Fanny Oleng", "id": "tth.keysa"}, {"name": "RAFFZZ", "id": "RAFFZZ.REAL"}, {"name": "Pian Kebelet Cuan", "id": "Pian.Alfian.009"}, {"name": "Taxs NihBoss", "id": "surotong.15"}, {"name": "Han Gretod", "id": "hanz.id.127"}, {"name": "Noval Helmi", "id": "uwwuguys12"}, {"name": "Hera Hidayat", "id": "hera.hidayat.92754"}, {"name": "Aldi Beroo", "id": "aldi.beroo"}, {"name": "Agung X Jabat", "id": "sukijah.santoso"}, {"name": "Saputra ID", "id": "arya.iskandar.9674227"}, {"name": "Kris Gantek I", "id": "putra.seller.5439"}, {"name": "Meddkunn XD", "id": "medkunxd"}, {"name": "Andika X Gans", "id": "andikax.ganz.5"}, {"name": "VANZZ KESELEK GAS", "id": "van.keselekgas"}, {"name": "Xrenz Ganzz", "id": "xrenz.ganzz"}, {"name": "Kepo Luh Anjay", "id": "tololsky"}, {"name": "Skyzax", "id": "neozacky.pratama.7"}, {"name": "Rahmad Ramadhan", "id": "cod.saja.773"}, {"name": "Yanz Gagal Tenar Oi", "id": "aryy.akatsuki.7"}, {"name": "Sihh Kuning", "id": "sihh.kuning.9"}, {"name": "SAYA RIPPER", "id": "aldanz.utama.1"}, {"name": "FiiGoodboy", "id": "lutfi.bagus.779"}, {"name": "Taa Gretodreal", "id": "sapta.rahmani.10"}, {"name": "Xhovy Vyvy Vurshovosy", "id": "aryareal01"}, {"name": "Dias X Salam", "id": "diasx.salam"}, {"name": "Andre", "id": "andre.gaming.7739"}, {"name": "Muhammad Yuda", "id": "bara.gaming.5070"}, {"name": "Dpo", "id": "medi.weni.9"}, {"name": "Ahmad Aril Ganz", "id": "Arilgantemk"}, {"name": "Mhd Egikk", "id": "Zaki.Xtrayy"}, {"name": "Dede X Sulung", "id": "dede.utama.102"}, {"name": "Deni Denn", "id": "deni.denn.161"}, {"name": "Danz Utama", "id": "Danii.Rekber"}, {"name": "Dik Gz", "id": "debi.andika.5220"}, {"name": "Saia Bungaa", "id": "anida.bunga.5"}, {"name": "Nacth", "id": "buronan.mantan.5055"}, {"name": "AZzuns", "id": "fajaarr09"}, {"name": "I M Sad", "id": "gans.id.3114935"}, {"name": "Andi Pras", "id": "akang.pikul"}, {"name": "ELMAHMUD AL SALAMMAH", "id": "muhammad.rifkykyborn"}, {"name": "Limss Kw", "id": "limss.kw"}, {"name": "Imikuu", "id": "faisal.gans.9480"}, {"name": "Ler - Sadboy", "id": "ikhwanstoree"}, {"name": "Hamm", "id": "ilhamx.storee"}, {"name": "FAHRII", "id": "mhmmd.fahrivl"}, {"name": "Selaa", "id": "selaa.selaa.7121614"}, {"name": "Liffz GZ", "id": "aliff.saha.7"}, {"name": "Niss Storee", "id": "riza.allbertt"}, {"name": "Bbyraa", "id": "Bbyraa368"}, {"name": "Ditz Good Rekening", "id": "rohman.utama.351"}, {"name": "Claudia Indah", "id": "Indahcanss72"}, {"name": "Dani Rz", "id": "danirz18.real"}, {"name": "Regaa", "id": "bang.alok.1690671"}, {"name": "Raihan Albaihaqi", "id": "raihan.albaihaqi.39"}, {"name": "Irfan Menolak Wibu", "id": "IrfanXNXX"}, {"name": "Iposs Nendii", "id": "nendix.oneshop.5"}, {"name": "Epoyy", "id": "Rafi.Epoy"}, {"name": "BAGASS", "id": "bagas.ngent0d"}, {"name": "Fjr Tri", "id": "fajar.trijanuar"}, {"name": "Dreamzz Shopp", "id": "dreamzz.dreamzz.77"}, {"name": "FAZRIL NOOBERS", "id": "F4ZR1L.N00BRS.C0.ID"}, {"name": "Rick Kntl", "id": "rickkntl"}, {"name": "Samsul Kertas", "id": "putu.sutesi"}, {"name": "Hengker Abadi", "id": "ndowi.atc"}, {"name": "Gani Firman", "id": "seto.valentino.58"}, {"name": "Ban Keselek Paku", "id": "hayuk.yya.3"}, {"name": "Meks Ganz", "id": "shyla.gaming.9"}, {"name": "Genz Jiro", "id": "genz2.7jiro"}, {"name": "Tahir", "id": "tahir.xsgiono"}, {"name": "Jiie Kmtol", "id": "elsa.putrianty"}, {"name": "Skyy - zecryy", "id": "rivall.dianyah"}, {"name": "Fajar Sadboy", "id": "Faaaaaajarr"}, {"name": "Wall", "id": "M.Haikal.Syaputra15"}, {"name": "Wann", "id": "mastah.jago"}, {"name": "Moch Rizal Pangestu", "id": "aan.kristiono.5"}, {"name": "Why", "id": "gendon.henk.3"}, {"name": "Zen", "id": "daniel.silalahi.1272"}, {"name": "Ricky Alvian", "id": "inibukankelon"}, {"name": "Maxy Ganz", "id": "sandaran.z"}, {"name": "Maul Chan", "id": "maul.chan.5"}, {"name": "WAN STOREE", "id": "Y4ng.B4c4.K0NT0L.co.id"}, {"name": "Deni Gunawan", "id": "denigunawangun"}, {"name": "Hadri Gz Tzy", "id": "haikaldwi.p.3"}, {"name": "Pratama Jebe", "id": "deridebastianjunior.deridebastianjunior"}, {"name": "Nabil", "id": "teguh.mangilo"}, {"name": "Miko YK", "id": "miko.yk.186"}, {"name": "Jimzz Yan", "id": "t.gaking.5"}, {"name": "Fera Ayuni", "id": "AdiyJB05"}, {"name": "Agiiz", "id": "naruna.yuwa"}, {"name": "Panji Oneshopp II", "id": "raffi.r.romadhon"}, {"name": "Jrill", "id": "jrill.sulung"}, {"name": "Fajar Sadboy", "id": "Faaajarrr17"}, {"name": "San DI Lordd", "id": "lorr.sandi.5"}, {"name": "Zam Kunclung", "id": "Zam.utamaa"}, {"name": "Yan Bams", "id": "septian.ext.1"}, {"name": "Selowmo X Jedag Jedug", "id": "izza.trm"}, {"name": "Arya Gz", "id": "im.arya.0909"}, {"name": "Arian X Sulung", "id": "asiaap.asiaap.908"}, {"name": "Ferdy Puyuh", "id": "ferdy.puyuh"}, {"name": "Deep Bruda", "id": "afqhesmes"}, {"name": "S S NiGenk", "id": "soni.xgans"}, {"name": "Yan Gede", "id": "yan.gede.96"}, {"name": "Saya Evann", "id": "revan.ardi.9085"}, {"name": "I M Rick II", "id": "ergi.ardiansyah.370"}, {"name": "Syururi", "id": "sk.nil.90410"}, {"name": "Johan Akbar Fauzi", "id": "Johan.Akbar.Fauzi08"}, {"name": "Ucok Gamtenk", "id": "Ucok.ngocok0"}, {"name": "Ndaan Raja Hoki", "id": "ndaan.utama"}, {"name": "Aqsha Alindea", "id": "aqshaa.nw"}, {"name": "Aldi Ansyah", "id": "aldi27.id"}, {"name": "Dungsek Gaming", "id": "dungsek.gaming.1"}, {"name": "Andre XF", "id": "etang.sah"}, {"name": "Kaal X Sahaa", "id": "kaal.ganss"}, {"name": "Cuay Lolot", "id": "re.xa.374"}, {"name": "Daffaa", "id": "daffa.xd990"}, {"name": "Wall Gz", "id": "ba.cot.50596"}, {"name": "Zakir Yz", "id": "genjee.orraah"}, {"name": "Farid X Ganzz", "id": "UziOsas10"}, {"name": "Aldiino Ramadan", "id": "evos.storee.12"}, {"name": "Fadilah Aulia", "id": "fadilah.aulia.313"}, {"name": "Nana X Gans", "id": "nana.cans.718689"}, {"name": "Huda Huda", "id": "hudasadboy.vs.godboy889"}, {"name": "\u200e\u06e6\u3000\u3000\u3000\u3000\u3000\u3000\u3000\u3000\u3000\u3000\u3000\u3000\u3000\u3000\u3000\u3000\u3000\u3000\u3000\u3000\u3000\u3000\u3000\u3000\u06e6 \u06e6\u3000\u3000\u3000\u3000\u3000\u3000\u3000\u3000\u3000\u3000\u3000\u3000\u3000\u3000\u3000\u3000\u3000\u3000\u3000\u3000\u3000\u3000\u3000\u3000\u06e6 \u06e6\u3000\u3000\u3000\u3000\u3000\u3000\u3000\u3000\u3000\u3000\u3000\u3000\u3000\u3000\u3000\u3000\u3000\u3000\u3000\u3000\u3000\u3000\u3000\u3000\u06e6\u200e", "id": "kok.loby.75"}, {"name": "Saya Ilham", "id": "may.xid.1"}, {"name": "Gozlet Ganz", "id": "muhammad.saw.56863"}, {"name": "Miko Pratama", "id": "miko.pratama.184881"}, {"name": "Mhmmad Lana", "id": "mhmmad.lana.58"}, {"name": "Ngeteh Lur", "id": "bopeng.ganss"}, {"name": "Kacuq ID", "id": "fatir.salapanbelastilutilu.5"}, {"name": "Zyeen Kang Pristell", "id": "zyeen.shopp"}, {"name": "Ecky Futera", "id": "eky.putraa.77"}, {"name": "Mhmmd Dahlann", "id": "Mhmmd.dahlann"}, {"name": "Fiss Gutboi Kenang", "id": "ravi.saputra.359"}, {"name": "Daeng Rahmat", "id": "daengbocil.bocil"}, {"name": "Bagus Secure", "id": "Bagusfristy"}, {"name": "Reza Septa Ramdhan", "id": "reza.s.ramdhan"}, {"name": "Rahmat Saputra", "id": "RahmatSpr26"}, {"name": "Ekoo Juee", "id": "ekoo.juee"}, {"name": "Nadia - Raa", "id": "28nadiara.rekber"}, {"name": "Iksan X Cuan", "id": "perdi.ganz.77"}, {"name": "Danz GoodBoy", "id": "riff.xganz.5"}, {"name": "I M Syaa", "id": "arasya.putra.35"}, {"name": "Fachri Radhea", "id": "farida.khoiri"}, {"name": "I M Cornyz", "id": "alvi.bae.716"}, {"name": "Buras Mentah", "id": "boboiboy.daun.710"}, {"name": "Rafiq", "id": "ra.fiq.5661"}, {"name": "Raffy Keselek Pemes", "id": "bima.gans.39794"}, {"name": "Daniel Fedrosa", "id": "admindanielfdr"}, {"name": "Zerr Jebeeh", "id": "napa.logatrima"}, {"name": "Fiki Agung Oneshop", "id": "mas.marur"}, {"name": "Firdaus Thariq", "id": "thariq.firdaus.14"}, {"name": "Anann S", "id": "ananx.konan"}, {"name": "Ress Skyze", "id": "rizki.skyze.5"}, {"name": "John Winner", "id": "john.winner.313371"}, {"name": "Bima Anggoro", "id": "DaveOppaiErsReal"}, {"name": "Saya Hendra", "id": "arya.cuan.5"}, {"name": "Zain Utama", "id": "zain.utama"}, {"name": "Danzz GoodBoy", "id": "rifki.sambarana"}, {"name": "Ren Tzy", "id": "ren.ganzz.5"}, {"name": "Angga Gamtenk", "id": "im.irul.102"}, {"name": "I M Brodyy ID", "id": "rachel.gaming.148"}, {"name": "Mhmmd Alfaisal", "id": "alfa.ganz.3"}, {"name": "Adi Setiawan II", "id": "son.neo.50"}, {"name": "Said Zakaria", "id": "Wibu.Tzy91"}, {"name": "Ilham Xstore", "id": "petrixx.gans"}, {"name": "M Faruq Pedroza Saputra", "id": "midboypakbosfardin"}, {"name": "RE N O", "id": "reno.singgih.71"}, {"name": "II Iyayy", "id": "gilard.praditya.5"}, {"name": "PARELL DHAKENZY", "id": "parell.dhakenzy"}, {"name": "Fifsky", "id": "fifsky.tods"}, {"name": "Sugawara San", "id": "daniel.exeguard"}, {"name": "Aziz X Gz", "id": "quen.dewi.1"}, {"name": "Madher Rae", "id": "madher.rae"}, {"name": "Aril Tok", "id": "ahmad.gamtenkii"}, {"name": "John Winner", "id": "rikudo.gans"}, {"name": "Hildan Deramanda Putra", "id": "hildan.d.putra.1"}, {"name": "Yoo", "id": "rioakbar775"}, {"name": "Lang Jebe", "id": "langx.skylord.9"}, {"name": "Bagus Oneshop", "id": "baguskeselekkontl"}, {"name": "Biw X Gojer", "id": "revando.exguard"}, {"name": "Dana Storee", "id": "dana.sahaa"}, {"name": "Rajes Wnda", "id": "rajes.xid.1"}, {"name": "Dimas Wihardanu", "id": "dimas.wihardanu.3"}, {"name": "Asep Saha", "id": "andre.xgretod"}, {"name": "Laa Cans", "id": "Dellacans0"}, {"name": "Muhammad Radenn", "id": "rizkyygantengrealll"}, {"name": "Andi Saputra", "id": "ecep.ganz"}, {"name": "Revan", "id": "kevo.ah.108"}, {"name": "Arfan Utama", "id": "ArfanUtamaRekber"}, {"name": "Farid Gamtenkk", "id": "farid.gans.735"}, {"name": "Bembng Cadangan", "id": "i.kenoz"}, {"name": "Dewa X ID", "id": "dewa.x.id.39"}, {"name": "Guntur Keselek Bubur", "id": "gunturx.gans"}, {"name": "Reno", "id": "reno.muchreza"}, {"name": "Gun ID", "id": "gun.id.7315"}, {"name": "Diana Talia", "id": "rendy.ganz.77"}, {"name": "Limune", "id": "Anak.haram2021"}, {"name": "Fitri Cibeww", "id": "dwiyan.mubarok"}, {"name": "Dimzz Keselek Gas", "id": "Dimzz.Admin"}, {"name": "Moh Andrian Maulana Il", "id": "mohandrian.maulanail.9"}, {"name": "ITSAND", "id": "itsand.id"}, {"name": "Vian Sadboy", "id": "vian.gansid"}, {"name": "Wann Ingin Femes Dadakan", "id": "Rahman.Ganzz"}, {"name": "David Genk", "id": "yan.wungkul.54"}, {"name": "Angga", "id": "angga.plangton.10"}, {"name": "Riyo X Seller", "id": "regi.xsram"}, {"name": "Zaki Yoo", "id": "dino.offical.7"}, {"name": "I M Rii", "id": "rbewgd.rbewgd"}, {"name": "Elvaa", "id": "Elvaa.9231"}, {"name": "Ojik Gans", "id": "roy.vector.503"}, {"name": "Dinzz Slebew", "id": "ivankafasha.salsabila.507"}, {"name": "Karena LU Wibu", "id": "juna.keselekkntl"}, {"name": "Arull Gz", "id": "ARULLGZREKBER"}, {"name": "Raff", "id": "Raf27.Jr"}, {"name": "Jerry Exe Guard", "id": "jerry.gans.507"}, {"name": "Jagoan Neon", "id": "agus.docllo.7"}, {"name": "I M Ipan", "id": "zeey.gamtenk"}, {"name": "Apis", "id": "tranux.tranux.7"}, {"name": "DimZz", "id": "DimZz.Dim"}, {"name": "Ihsan Gopet", "id": "ihsan.gopet.5"}, {"name": "Antoni S", "id": "prasetya.b.aji.581"}, {"name": "Bulloh Pratama", "id": "raden.xsans"}, {"name": "Didi Ardiansyah", "id": "didi.ardiansyah.75248"}, {"name": "WildanSyah", "id": "wildan.shoppgame"}, {"name": "Isal Skyzee", "id": "isal.trusted"}, {"name": "Hafidz Yama", "id": "hafidz.s.prathama"}, {"name": "Fahri X Gans", "id": "fahrix.gans.5494"}, {"name": "Casper U P", "id": "khomarudin.khomarudin.9279"}, {"name": "Putra Jawaa", "id": "exben.sulung.5"}, {"name": "Saya Leo", "id": "leo.kltmyt"}, {"name": "Ebo Utama", "id": "muridbarbar.cvk"}, {"name": "Hansen X Gans", "id": "hansen.x.gans"}, {"name": "Iksan Goodboy", "id": "kynzo.xutamaii"}, {"name": "Viki Ezzy", "id": "viki.Palkonye"}, {"name": "Bos Iqbal", "id": "bos.iqbal.12"}, {"name": "Ahmad Goodboy", "id": "dani.xray.5"}, {"name": "Moria\u0154ty", "id": "itzafri.kunz"}, {"name": "Ilham X Ganss", "id": "ilhamx.ganss"}, {"name": "Kangmus YB", "id": "kangmus.yb.5"}, {"name": "Mass Dion", "id": "dion.xips"}, {"name": "Cangcut Distro", "id": "keresek.hideung.3994"}, {"name": "Rozhak", "id": "rozhak.xyz"}, {"name": "Vynn Semvak", "id": "kulgar.kulgar.3323457"}, {"name": "HaZz X Trup", "id": "hazzx.trup"}, {"name": "XGans NihBoss", "id": "adit.nihboss.9"}, {"name": "I M Reyvan", "id": "rey.shopp.167"}, {"name": "Saia Elang", "id": "elangnih.ngab"}, {"name": "Slayeer", "id": "imank.imank.77736310"}, {"name": "Galen Agatha", "id": "x.agatha.14"}, {"name": "Aan Chan", "id": "mhmd.ann.75"}, {"name": "Saia Levi Tol", "id": "i.m.dit.73"}, {"name": "Azziz", "id": "aziz.clasher.94"}, {"name": "Vino", "id": "dewi.af.31586"}, {"name": "Fadhil Usmala", "id": "fadhil.usmala"}, {"name": "Wibu X Kenon", "id": "Raihannn.utama"}, {"name": "Mazz Cinzz", "id": "mazz.cinzz"}, {"name": "Toga Chan Menyukai Mu", "id": "doo.xgamtenkk"}, {"name": "Bagus X Tray", "id": "haikal.exeguard"}, {"name": "Iory Andara", "id": "ayupandi1234"}, {"name": "Zhii Nyx", "id": "zhii.gans"}, {"name": "I M Nazzalyka", "id": "nafa.bos"}, {"name": "Langg Gz Nih Genk II", "id": "galang.ex.96"}, {"name": "Xeri ID", "id": "bule.katamereka.5"}, {"name": "Teriplek X Gangs", "id": "teriplek.xgangs"}, {"name": "Dinda Ramadani", "id": "dino.merah.90260"}, {"name": "Royy", "id": "roy.id.77377"}]}